style,artist,picture,path
Post_Impressionism,paul-cezanne,chestnut-tree-and-farm-1885,chestnut-tree-and-farm-1885.jpg
Early_Renaissance,carlo-crivelli,saint-laurenzius-1468,saint-laurenzius-1468.jpg
New_Realism,john-french-sloan,cornelia-street-1920,cornelia-street-1920.jpg
Baroque,gabriel-metsu,woman-at-the-virginals,woman-at-the-virginals.jpg
Art_Nouveau_Modern,heorhiy-narbut,sheet-l-from-the-album-ukrainian-alphabet-1917,sheet-l-from-the-album-ukrainian-alphabet-1917.jpg
Realism,james-tissot,statesmen-no-370-caricature-of-thomas-dundas-2nd-earl-of-zetland,statesmen-no-370-caricature-of-thomas-dundas-2nd-earl-of-zetland.jpg
Realism,gustave-courbet,crumbling-rocks-1864,crumbling-rocks-1864.jpg
Ukiyo_e,katsushika-hokusai,sparrow-and-magnolia,sparrow-and-magnolia.jpg
Post_Impressionism,vincent-van-gogh,garden-with-flowers-1888(1),garden-with-flowers-1888(1).jpg
Realism,pyotr-konchalovsky,still-life-lilacs-1951,still-life-lilacs-1951.jpg
Contemporary_Realism,john-miller,sunrise-of-wonder-viii,sunrise-of-wonder-viii.jpg
Abstract_Expressionism,gene-davis,dog-and-flowers-1957,dog-and-flowers-1957.jpg
Impressionism,camille-pissarro,place-du-theatre-francais-afternoon-sun-in-winter-1898,place-du-theatre-francais-afternoon-sun-in-winter-1898.jpg
Impressionism,camille-pissarro,the-banks-of-the-seine-in-paris-pont-marie-quai-d-anjou,the-banks-of-the-seine-in-paris-pont-marie-quai-d-anjou.jpg
Realism,vladimir-makovsky,politicians-1884,politicians-1884.jpg
Early_Renaissance,benozzo-gozzoli,tabernacle-of-the-visitation-meeting-at-the-golden-gate,tabernacle-of-the-visitation-meeting-at-the-golden-gate.jpg
Realism,john-singer-sargent,margaretta-drexel-countess-of-winchilsea-and-nottingham,margaretta-drexel-countess-of-winchilsea-and-nottingham.jpg
Contemporary_Realism,janet-fish,blue-decanter-polka-dot-bowl-suzani-2009,blue-decanter-polka-dot-bowl-suzani-2009.jpg
Impressionism,pierre-auguste-renoir,genevieve-bernheim-de-villers-1910,genevieve-bernheim-de-villers-1910.jpg
Abstract_Expressionism,esteban-vicente,diptych-1987,diptych-1987.jpg
Realism,eugene-boudin,trouville-shore-and-rocks,trouville-shore-and-rocks.jpg
Symbolism,felicien-rops,behind-the-scenes,behind-the-scenes.jpg
Impressionism,henry-herbert-la-thangue,ligurian-artrobus,ligurian-artrobus.jpg
Realism,vincent-van-gogh,girl-kneeling-by-a-cradle-1883(1),girl-kneeling-by-a-cradle-1883(1).jpg
Realism,ivan-kramskoy,inspection-of-the-old-house-1874,inspection-of-the-old-house-1874.jpg
Post_Impressionism,maurice-utrillo,road-in-argenteuil,road-in-argenteuil.jpg
Realism,gustave-courbet,woods-in-the-snow,woods-in-the-snow.jpg
Expressionism,ernst-ludwig-kirchner,erna-with-cigarette-1915,erna-with-cigarette-1915.jpg
Impressionism,claude-monet,river-scene-at-bennecourt,river-scene-at-bennecourt.jpg
Naive_Art_Primitivism,marc-chagall,moses-meets-in-the-desert-his-brother-aaron-who-came-towards-him-at-the-behest-of-god-exodus-iv,moses-meets-in-the-desert-his-brother-aaron-who-came-towards-him-at-the-behest-of-god-exodus-iv.jpg
Rococo,benjamin-west,the-golden-age-1776,the-golden-age-1776.jpg
Romanticism,karl-bodmer,the-town-traben-trarbach-and-the-grevenburg-on-the-moselle-river-in-germany-1841,the-town-traben-trarbach-and-the-grevenburg-on-the-moselle-river-in-germany-1841.jpg
Color_Field_Painting,leon-berkowitz,with-in-1985,with-in-1985.jpg
Expressionism,umberto-boccioni,kneeling-allegorical-figure,kneeling-allegorical-figure.jpg
Ukiyo_e,utagawa-kuniyoshi,women-25,women-25.jpg
Symbolism,mstislav-dobuzhinsky,street-in-vilno-1910(1),street-in-vilno-1910(1).jpg
Post_Impressionism,albert-marquet,river-scene,river-scene.jpg
Cubism,olexandr-archipenko,coquette-1950,coquette-1950.jpg
Art_Nouveau_Modern,alphonse-mucha,morning-star-1902,morning-star-1902.jpg
Realism,vincent-van-gogh,peasant-woman-binding-a-sheaf-of-grain-1885,peasant-woman-binding-a-sheaf-of-grain-1885.jpg
Northern_Renaissance,albrecht-durer,christ-before-annas-1511,christ-before-annas-1511.jpg
Color_Field_Painting,paul-feeley,alya-1964,alya-1964.jpg
Symbolism,mikhail-nesterov,thinker-portrait-of-philisopher-ivan-ilyin-1921,thinker-portrait-of-philisopher-ivan-ilyin-1921.jpg
Post_Impressionism,henri-matisse,the-stream-near-nice,the-stream-near-nice.jpg
Impressionism,paul-cezanne,madame-cezanne-leaning-on-a-table,madame-cezanne-leaning-on-a-table.jpg
Rococo,george-morland,interior-of-a-stable,interior-of-a-stable.jpg
Impressionism,william-merritt-chase,lady-in-white-gown,lady-in-white-gown.jpg
Rococo,joshua-reynolds,anne-dashwood,anne-dashwood.jpg
Expressionism,henri-matisse,still-life-5,still-life-5.jpg
Realism,camille-corot,crecy-en-brie-road-in-the-country,crecy-en-brie-road-in-the-country.jpg
Abstract_Expressionism,cy-twombly,ferragosto-iii,ferragosto-iii.jpg
Realism,anders-zorn,william-h-taft-1911,william-h-taft-1911.jpg
Romanticism,joseph-wright,an-eruption-of-vesuvius-seen-from-portici,an-eruption-of-vesuvius-seen-from-portici.jpg
Post_Impressionism,theo-van-rysselberghe,portrait-of-madame-monnon-1919,portrait-of-madame-monnon-1919.jpg
Realism,pierre-auguste-renoir,the-painter-jules-le-coeur-walking-his-dogs-in-the-forest-of-fontainebleau-1866,the-painter-jules-le-coeur-walking-his-dogs-in-the-forest-of-fontainebleau-1866.jpg
Art_Nouveau_Modern,ivan-bilibin,archangel-michael-mosaic-on-the-north-side-of-the-church-of-the-virgin-uspeniya-in-olshany(1),archangel-michael-mosaic-on-the-north-side-of-the-church-of-the-virgin-uspeniya-in-olshany(1).jpg
Mannerism_Late_Renaissance,tintoretto,st-george-1544,st-george-1544.jpg
Post_Impressionism,vincent-van-gogh,blossoming-chestnut-branches-1890(1),blossoming-chestnut-branches-1890(1).jpg
Impressionism,konstantin-korovin,winter-sun-1919,winter-sun-1919.jpg
Early_Renaissance,luca-signorelli,view-of-the-vaulting-of-the-sacristy-of-st-john-1482,view-of-the-vaulting-of-the-sacristy-of-st-john-1482.jpg
Romanticism,thomas-cole,study-for-the-pilgrim-of-the-world-on-his-journey,study-for-the-pilgrim-of-the-world-on-his-journey.jpg
Realism,vasily-vereshchagin,in-the-kremlin-a-fire-1895,in-the-kremlin-a-fire-1895.jpg
Art_Nouveau_Modern,felix-vallotton,french-writer-alexandre-dumas-1895,french-writer-alexandre-dumas-1895.jpg
Abstract_Expressionism,joan-miro,blue-i-1961,blue-i-1961.jpg
Impressionism,john-henry-twachtman,hayrick-1900,hayrick-1900.jpg
Baroque,theodoor-van-thulden,discord-expels-art-and-science,discord-expels-art-and-science.jpg
Baroque,peter-paul-rubens,anna-of-austria-queen-of-france-mother-of-king-louis-xiv-1625,anna-of-austria-queen-of-france-mother-of-king-louis-xiv-1625.jpg
Symbolism,konstantin-vasilyev,the-battle-with-the-dragon,the-battle-with-the-dragon.jpg
Realism,ivan-shishkin,gurzuf-rocks-1879,gurzuf-rocks-1879.jpg
Color_Field_Painting,anne-truitt,one-may-1976,one-may-1976.jpg
Northern_Renaissance,hieronymus-bosch,haywain-1500-4,haywain-1500-4.jpg
Romanticism,johann-koler,eve-with-a-pomegranate-1880,eve-with-a-pomegranate-1880.jpg
Romanticism,francesco-hayez,bathsheba,bathsheba.jpg
Impressionism,ilya-mashkov,gurzuf-views-of-the-chekhov-s-house-and-the-beach-1925,gurzuf-views-of-the-chekhov-s-house-and-the-beach-1925.jpg
Romanticism,konstantin-makovsky,portrait-of-vera-zubova,portrait-of-vera-zubova.jpg
Art_Nouveau_Modern,aubrey-beardsley,publicity-poster-for-the-yellow-book,publicity-poster-for-the-yellow-book.jpg
Naive_Art_Primitivism,fernando-botero,oranges,oranges.jpg
Abstract_Expressionism,paul-reed,14d-1964,14d-1964.jpg
Minimalism,john-mclaughlin,untitled-composition-1953,untitled-composition-1953.jpg
Post_Impressionism,maurice-prendergast,boat-landing-dinnard,boat-landing-dinnard.jpg
Realism,valentin-serov,quartet,quartet.jpg
Northern_Renaissance,rogier-van-der-weyden,demons-tortures-a-sinner,demons-tortures-a-sinner.jpg
Realism,winslow-homer,the-portage,the-portage.jpg
Realism,ivan-shishkin,pine-forest-1884,pine-forest-1884.jpg
Expressionism,chaim-soutine,the-mad-woman-1,the-mad-woman-1.jpg
Realism,john-singer-sargent,sir-frank-swettenham-1904,sir-frank-swettenham-1904.jpg
Impressionism,john-henry-twachtman,artist-s-home-in-autumn-greenwich-connecticut,artist-s-home-in-autumn-greenwich-connecticut.jpg
Realism,giovanni-boldini,a-lady-admiiring-a-fan-1878,a-lady-admiiring-a-fan-1878.jpg
Abstract_Expressionism,endre-balint,de-profundis-1978,de-profundis-1978.jpg
Mannerism_Late_Renaissance,el-greco,the-entombment-of-christ-1570,the-entombment-of-christ-1570.jpg
Ukiyo_e,utagawa-toyokuni-ii,kachoga-falcon-on-a-pine-branch-rising-sun-above,kachoga-falcon-on-a-pine-branch-rising-sun-above.jpg
Realism,ferdinand-hodler,unemployed-1891,unemployed-1891.jpg
Naive_Art_Primitivism,fred-yates,moored-boats-penzance,moored-boats-penzance.jpg
Impressionism,abraham-manievich,still-life-1930,still-life-1930.jpg
Impressionism,pierre-auguste-renoir,study-for-the-saone-embraced-by-the-rhone-1915,study-for-the-saone-embraced-by-the-rhone-1915.jpg
Contemporary_Realism,eric-fischl,growing-up-in-the-company-of-women-ii,growing-up-in-the-company-of-women-ii.jpg
Post_Impressionism,vincent-van-gogh,round-clipped-shrub-in-the-public-garden-1888,round-clipped-shrub-in-the-public-garden-1888.jpg
Realism,john-singer-sargent,eugene-juillerat,eugene-juillerat.jpg
Early_Renaissance,pisanello,apparition-of-the-virgin-to-sts-anthony-abbot-and-george,apparition-of-the-virgin-to-sts-anthony-abbot-and-george.jpg
Art_Nouveau_Modern,raphael-kirchner,salome-1903-3,salome-1903-3.jpg
Romanticism,karl-bodmer,pehriska-ruhpa-minatarre-warrior-in-the-costume-of-the-dog-dance-plate-23-from-volume-2-of-1844,pehriska-ruhpa-minatarre-warrior-in-the-costume-of-the-dog-dance-plate-23-from-volume-2-of-1844.jpg
Abstract_Expressionism,sam-francis,bouquet,bouquet.jpg
Ukiyo_e,katsushika-hokusai,shimomeguro,shimomeguro.jpg
Romanticism,edwin-henry-landseer,shoeing,shoeing.jpg
Realism,giovanni-boldini,portrait-of-giovinetta-errazuriz-1892,portrait-of-giovinetta-errazuriz-1892.jpg
Post_Impressionism,edouard-cortes,the-place-de-opera,the-place-de-opera.jpg
Abstract_Expressionism,sam-francis,untitled-from-pasadena-box-lembark-l62-1963,untitled-from-pasadena-box-lembark-l62-1963.jpg
Expressionism,egon-schiele,reclining-woman-with-red-blouse-1908,reclining-woman-with-red-blouse-1908.jpg
Impressionism,pierre-auguste-renoir,study-of-flowers-anemones-and-tulips-1910,study-of-flowers-anemones-and-tulips-1910.jpg
Cubism,salvador-dali,pierrot-and-guitar,pierrot-and-guitar.jpg
Color_Field_Painting,sean-scully,yellow-figure-2002,yellow-figure-2002.jpg
Expressionism,lovis-corinth,ecce-homo-1925,ecce-homo-1925.jpg
Realism,isaac-levitan,road-1898,road-1898.jpg
Expressionism,horia-bernea,spring-night-1965,spring-night-1965.jpg
Realism,ivan-shishkin,oaks-1886,oaks-1886.jpg
Romanticism,sir-lawrence-alma-tadema,the-massacre-of-the-monks-of-tamond-1855,the-massacre-of-the-monks-of-tamond-1855.jpg
Art_Nouveau_Modern,boris-kustodiev,village-holiday-autumn-holiday-in-the-village-1914,village-holiday-autumn-holiday-in-the-village-1914.jpg
Symbolism,nicholas-roerich,tibet-monastery-gelug-pa-1936,tibet-monastery-gelug-pa-1936.jpg
High_Renaissance,leonardo-da-vinci,view-of-a-skull-1,view-of-a-skull-1.jpg
Northern_Renaissance,hans-memling,the-virgin-and-child-with-st-james-and-st-dominic-presenting-the-donors-and-their-family-known,the-virgin-and-child-with-st-james-and-st-dominic-presenting-the-donors-and-their-family-known.jpg
Ukiyo_e,utagawa-kuniyoshi,women-9,women-9.jpg
Expressionism,egon-schiele,spitalskirche-molding-1918,spitalskirche-molding-1918.jpg
Post_Impressionism,moise-kisling,nude-seated-on-the-grass-1950(1),nude-seated-on-the-grass-1950(1).jpg
Minimalism,edward-corbett,washington-d-c-october-8-1964-1964,washington-d-c-october-8-1964-1964.jpg
Impressionism,nicolae-darascu,n-fa-a-opronului-1930,n-fa-a-opronului-1930.jpg
Rococo,maurice-quentin-de-la-tour,study-for-portrait-of-unknown-man-2,study-for-portrait-of-unknown-man-2.jpg
Minimalism,joan-hernandez-pijuan,dibuix-n-145-1991,dibuix-n-145-1991.jpg
Symbolism,mstislav-dobuzhinsky,a-cottage-in-st-petersburg-1905,a-cottage-in-st-petersburg-1905.jpg
Impressionism,pierre-auguste-renoir,summer-1875,summer-1875.jpg
Impressionism,joaquã­n-sorolla,running-along-the-beach-1908,running-along-the-beach-1908.jpg
Symbolism,hugo-simberg,king-hobgoblin-sleeping-1896,king-hobgoblin-sleeping-1896.jpg
Art_Nouveau_Modern,henri-de-toulouse-lautrec,yvette-guilbert-1,yvette-guilbert-1.jpg
Impressionism,lucian-grigorescu,munci-de-prim-var,munci-de-prim-var.jpg
Expressionism,wassily-kandinsky,all-saints-day-i-1911,all-saints-day-i-1911.jpg
Realism,helene-schjerfbeck,the-convalescent-1888,the-convalescent-1888.jpg
Naive_Art_Primitivism,fernando-botero,delphine,delphine.jpg
Early_Renaissance,sandro-botticelli,paradise-canto-vi-1490(1),paradise-canto-vi-1490(1).jpg
Art_Nouveau_Modern,zinaida-serebriakova,eugene-portrait-of-the-artist-s-son-1917,eugene-portrait-of-the-artist-s-son-1917.jpg
Realism,ivan-shishkin,view-of-valaam-island,view-of-valaam-island.jpg
Baroque,juan-de-valdes-leal,the-conversion-and-baptism-of-st-augustine-by-st-ambrose-1673,the-conversion-and-baptism-of-st-augustine-by-st-ambrose-1673.jpg
Impressionism,eugene-boudin,low-tide-at-trouville,low-tide-at-trouville.jpg
Post_Impressionism,ferdynand-ruszczyc,w-wiat-1901,w-wiat-1901.jpg
Post_Impressionism,maurice-utrillo,basilica,basilica.jpg
Impressionism,claude-monet,snow-effect-the-street-in-argentuil,snow-effect-the-street-in-argentuil.jpg
Romanticism,thomas-cole,prometheus-bound-1847,prometheus-bound-1847.jpg
Realism,boris-kustodiev,house-in-uspensky-1908,house-in-uspensky-1908.jpg
Symbolism,nicholas-roerich,girls-1944,girls-1944.jpg
Fauvism,hans-hofmann,suburbian-1936,suburbian-1936.jpg
Rococo,joshua-reynolds,general-john-burgoyne,general-john-burgoyne.jpg
Impressionism,joaquã­n-sorolla,valencian-fiesin-an-orange-grove-1898,valencian-fiesin-an-orange-grove-1898.jpg
Color_Field_Painting,ronnie-landfield,series-painting-2-1966,series-painting-2-1966.jpg
Rococo,bernardo-bellotto,the-kreuzkirche-in-dresden,the-kreuzkirche-in-dresden.jpg
Romanticism,gustave-dore,baruch-writes-jeremiah-s-prophecies,baruch-writes-jeremiah-s-prophecies.jpg
Post_Impressionism,moise-kisling,renee-kisling-1928,renee-kisling-1928.jpg
Expressionism,vilmos-aba-novak,homebound-1937,homebound-1937.jpg
Symbolism,james-tissot,moses-and-joshua-in-the-tabernacle,moses-and-joshua-in-the-tabernacle.jpg
Symbolism,nicholas-roerich,rocks-of-ladakh-1933-1,rocks-of-ladakh-1933-1.jpg
Expressionism,nicolae-tonitza,scherzzo,scherzzo.jpg
Abstract_Expressionism,romare-bearden,untitled-1959-2,untitled-1959-2.jpg
Expressionism,nicolae-tonitza,mourner,mourner.jpg
Fauvism,mary-fedden,still-life-with-fruit-1997,still-life-with-fruit-1997.jpg
Impressionism,camille-pissarro,the-louvre-morning-snow-effect-1903,the-louvre-morning-snow-effect-1903.jpg
Pointillism,theo-van-rysselberghe,morning-fog-over-the-port-of-veer-holland-1906,morning-fog-over-the-port-of-veer-holland-1906.jpg
Realism,alexey-venetsianov,girl-in-a-kerchief,girl-in-a-kerchief.jpg
Art_Nouveau_Modern,nicholas-roerich,hoary-finland-1907,hoary-finland-1907.jpg
Baroque,rembrandt,view-of-diemen-1655,view-of-diemen-1655.jpg
Post_Impressionism,koloman-moser,hyacinths,hyacinths.jpg
Expressionism,georges-braque,balustre-et-crane-1938,balustre-et-crane-1938.jpg
Impressionism,pierre-auguste-renoir,spray-of-anemones,spray-of-anemones.jpg
Realism,ilya-repin,boris-godunov-with-ivan-the-terrible-1890,boris-godunov-with-ivan-the-terrible-1890.jpg
Impressionism,claude-monet,the-esterel-mountains,the-esterel-mountains.jpg
Rococo,bernardo-bellotto,ruins-of-the-forum-rome,ruins-of-the-forum-rome.jpg
Impressionism,claude-monet,coming-into-port-goulphar-belle-ile,coming-into-port-goulphar-belle-ile.jpg
Impressionism,berthe-morisot,reading-with-green-umbrella,reading-with-green-umbrella.jpg
High_Renaissance,pietro-perugino,the-pazzi-crucifixion-1496,the-pazzi-crucifixion-1496.jpg
Impressionism,edgar-degas,olive-trees-against-a-mountainous-background,olive-trees-against-a-mountainous-background.jpg
Symbolism,nicholas-roerich,tibet-stronghold-potala-1939,tibet-stronghold-potala-1939.jpg
Northern_Renaissance,martin-schongauer,the-second-wise-virgin,the-second-wise-virgin.jpg
Symbolism,gustav-klimt,portrait-of-a-lady-in-white-unfinished-1918,portrait-of-a-lady-in-white-unfinished-1918.jpg
Impressionism,james-mcneill-whistler,gold-and-brown-dordrecht,gold-and-brown-dordrecht.jpg
Romanticism,jan-matejko,wladyslaw-laskonogi,wladyslaw-laskonogi.jpg
Romanticism,gustave-dore,don-quixote-38,don-quixote-38.jpg
Romanticism,miklos-barabas,laying-the-foundation-stone-of-the-chain-bridge-1842,laying-the-foundation-stone-of-the-chain-bridge-1842.jpg
Fauvism,raoul-dufy,bathers-1908,bathers-1908.jpg
Post_Impressionism,nikola-tanev,monastery-of-st-john-of-lake-ohrid,monastery-of-st-john-of-lake-ohrid.jpg
Realism,ilya-repin,portrait-of-k-b-boleslavova-1913,portrait-of-k-b-boleslavova-1913.jpg
Expressionism,ernst-ludwig-kirchner,the-mountain,the-mountain.jpg
Symbolism,odilon-redon,the-window-1,the-window-1.jpg
Post_Impressionism,gustave-loiseau,the-red-painted-house,the-red-painted-house.jpg
Pointillism,henri-martin,terrace-in-the-rain-in-marquayrol,terrace-in-the-rain-in-marquayrol.jpg
Mannerism_Late_Renaissance,paolo-veronese,lamentation-over-the-dead-christ,lamentation-over-the-dead-christ.jpg
Abstract_Expressionism,joan-mitchell,riviere-1990,riviere-1990.jpg
Realism,vasily-polenov,palestine-landscape,palestine-landscape.jpg
Symbolism,nicholas-roerich,karelian-landscape-tulola-rocks-1918,karelian-landscape-tulola-rocks-1918.jpg
Mannerism_Late_Renaissance,tintoretto,the-supper-at-emmaus-1543,the-supper-at-emmaus-1543.jpg
Abstract_Expressionism,cy-twombly,coronation-of-sesostris-1,coronation-of-sesostris-1.jpg
Contemporary_Realism,jamie-wyeth,gull-rock-1970,gull-rock-1970.jpg
High_Renaissance,titian,portrait-of-ariosto-1510,portrait-of-ariosto-1510.jpg
Naive_Art_Primitivism,jean-hugo,kew-garden,kew-garden.jpg
Realism,ivan-shishkin,the-sketch-for-the-painting-rye-1878,the-sketch-for-the-painting-rye-1878.jpg
Naive_Art_Primitivism,marc-chagall,uncle-mitiai-uncle-miniai,uncle-mitiai-uncle-miniai.jpg
Realism,vincent-van-gogh,woman-s-head-1883,woman-s-head-1883.jpg
Abstract_Expressionism,hans-hofmann,joy-sparks-of-the-gods-ii-1958,joy-sparks-of-the-gods-ii-1958.jpg
Impressionism,ilya-repin,prometheus,prometheus.jpg
Impressionism,alfred-sisley,the-seine-at-suresnes-1877,the-seine-at-suresnes-1877.jpg
Expressionism,frantisek-kupka,report,report.jpg
Impressionism,thalia-flora-karavia,from-ithaca,from-ithaca.jpg
Color_Field_Painting,frank-stella,color-maze-1966,color-maze-1966.jpg
Impressionism,edouard-manet,lady-in-a-fur,lady-in-a-fur.jpg
Realism,vincent-van-gogh,the-green-parrot-1886,the-green-parrot-1886.jpg
Symbolism,gustave-moreau,arion,arion.jpg
Post_Impressionism,henri-de-toulouse-lautrec,the-madame-redoing-her-bun-1893,the-madame-redoing-her-bun-1893.jpg
Impressionism,gustave-caillebotte,yerres-the-lawn-in-the-park-seen-from-a-path,yerres-the-lawn-in-the-park-seen-from-a-path.jpg
New_Realism,edward-hopper,white-river-at-sharon,white-river-at-sharon.jpg
New_Realism,edward-hopper,apartment-houses,apartment-houses.jpg
Realism,andrei-ryabushkin,going-on-a-visit,going-on-a-visit.jpg
New_Realism,george-luks,breaking-surf,breaking-surf.jpg
Impressionism,henri-matisse,belle-ile,belle-ile.jpg
Symbolism,harry-clarke,fairy-tales-by-hans-christian-andersen-1916,fairy-tales-by-hans-christian-andersen-1916.jpg
Realism,mykola-pymonenko,easter-morning-prayer-in-malorosia-1891,easter-morning-prayer-in-malorosia-1891.jpg
Art_Nouveau_Modern,raphael-kirchner,on-holiday,on-holiday.jpg
Expressionism,henri-matisse,luxe-1907,luxe-1907.jpg
New_Realism,john-french-sloan,independence-square-philadelphia-1900,independence-square-philadelphia-1900.jpg
Romanticism,orest-kiprensky,dreamer,dreamer.jpg
Art_Nouveau_Modern,nicholas-roerich,pskov-churchyard-1904-1,pskov-churchyard-1904-1.jpg
Expressionism,pablo-picasso,the-bread-carrier-1905,the-bread-carrier-1905.jpg
Realism,ivan-shishkin,summer-in-the-field-landscape-with-a-herd,summer-in-the-field-landscape-with-a-herd.jpg
Impressionism,john-singer-sargent,rio-de-santa-maria-formosa-1905,rio-de-santa-maria-formosa-1905.jpg
Cubism,juan-gris,woman-with-a-mandolin-after-corot-1916,woman-with-a-mandolin-after-corot-1916.jpg
Color_Field_Painting,gene-davis,franklin-s-footpath-1972(1),franklin-s-footpath-1972(1).jpg
Romanticism,john-crome,dock-leaves-1813,dock-leaves-1813.jpg
Art_Nouveau_Modern,nicholas-roerich,ilya-muromets-1910-1,ilya-muromets-1910-1.jpg
Impressionism,pierre-auguste-renoir,woman-with-a-white-jabot-1880,woman-with-a-white-jabot-1880.jpg
Realism,viktor-vasnetsov,porters-1870,porters-1870.jpg
Rococo,benjamin-west,self-portrait-1758,self-portrait-1758.jpg
Art_Nouveau_Modern,ivan-bilibin,illustration-for-the-epic-ilya-muromets-and-svyatogor-1940(1),illustration-for-the-epic-ilya-muromets-and-svyatogor-1940(1).jpg
Expressionism,egon-schiele,self-portrait-with-hand-to-cheek-1910,self-portrait-with-hand-to-cheek-1910.jpg
Romanticism,joseph-wright,a-grotto-in-the-kingdom-of-naples-with-banditti-1778,a-grotto-in-the-kingdom-of-naples-with-banditti-1778.jpg
Impressionism,claude-monet,vetheuil-prairie-inondee,vetheuil-prairie-inondee.jpg
Symbolism,konstantin-somov,the-interior-of-the-pavlovs-country-house,the-interior-of-the-pavlovs-country-house.jpg
Symbolism,gulacsy-lajos,young-woman-with-rose-tree-1912,young-woman-with-rose-tree-1912.jpg
Post_Impressionism,istvan-ilosvai-varga,houses-with-crippled-man-1939,houses-with-crippled-man-1939.jpg
Post_Impressionism,edouard-cortes,boulevard-et-la-porte-st-denis,boulevard-et-la-porte-st-denis.jpg
Impressionism,eugene-boudin,channel-in-brussels-1871,channel-in-brussels-1871.jpg
Color_Field_Painting,andre-pierre-arnal,pochoir-3,pochoir-3.jpg
Romanticism,vasily-tropinin,monk-with-candle-1834,monk-with-candle-1834.jpg
Art_Nouveau_Modern,jacek-malczewski,the-tribute-money-triptych-right,the-tribute-money-triptych-right.jpg
Baroque,annibale-carracci,baptism-of-christ-1584,baptism-of-christ-1584.jpg
Mannerism_Late_Renaissance,sofonisba-anguissola,portrait-of-bianca-ponzoni-anguissola-the-artist-s-mother-1557,portrait-of-bianca-ponzoni-anguissola-the-artist-s-mother-1557.jpg
Realism,john-singer-sargent,the-countess-of-essex-1907,the-countess-of-essex-1907.jpg
Post_Impressionism,maurice-prendergast,st-malo-4,st-malo-4.jpg
Expressionism,balthus,larchant-1939,larchant-1939.jpg
Realism,vincent-van-gogh,churchyard-in-winter-1883(1),churchyard-in-winter-1883(1).jpg
Cubism,carlos-merida,composici-n-abstracta-1975,composici-n-abstracta-1975.jpg
Impressionism,pierre-auguste-renoir,woman-tying-her-shoe,woman-tying-her-shoe.jpg
Naive_Art_Primitivism,marc-chagall,the-cowshed-1917,the-cowshed-1917.jpg
Baroque,jacob-jordaens,two-studies-of-the-head-of-abraham-grapheus-1621,two-studies-of-the-head-of-abraham-grapheus-1621.jpg
Baroque,adriaen-van-ostade,the-drinkers-1658,the-drinkers-1658.jpg
Minimalism,alighiero-boetti,dieciundicidodici-1980,dieciundicidodici-1980.jpg
Romanticism,vasily-polenov,droit-du-seigneur-1874,droit-du-seigneur-1874.jpg
Realism,vincent-van-gogh,weed-burner-sitting-on-a-wheelbarrow-with-his-wife-1883,weed-burner-sitting-on-a-wheelbarrow-with-his-wife-1883.jpg
Impressionism,eugene-boudin,the-port-of-deauville-1,the-port-of-deauville-1.jpg
Expressionism,m.c.-escher,initial-v,initial-v.jpg
Impressionism,theodor-pallady,ci-meaua-de-pe-strada-sp-tarului,ci-meaua-de-pe-strada-sp-tarului.jpg
Realism,ilya-mashkov,breakfast-still-life-1924,breakfast-still-life-1924.jpg
Symbolism,pierre-puvis-de-chavannes,study-for-four-figures-in-rest,study-for-four-figures-in-rest.jpg
Symbolism,nicholas-roerich,himalayas-pink-peaks-1947,himalayas-pink-peaks-1947.jpg
Post_Impressionism,maurice-prendergast,on-the-beach-st-malo,on-the-beach-st-malo.jpg
Expressionism,martiros-saryan,to-the-spring-1926,to-the-spring-1926.jpg
Impressionism,matej-sternen,na-trgu,na-trgu.jpg
Rococo,giovanni-battista-tiepolo,the-last-supper-1747,the-last-supper-1747.jpg
Cubism,le-corbusier,th-mes-ubu-parurge-et-alma-rio-1960,th-mes-ubu-parurge-et-alma-rio-1960.jpg
Romanticism,gustave-dore,the-queen-of-heaven,the-queen-of-heaven.jpg
Impressionism,john-singer-sargent,santa-maria-della-salute-1906,santa-maria-della-salute-1906.jpg
Abstract_Expressionism,lee-krasner,untitled-from-little-image-series-1949,untitled-from-little-image-series-1949.jpg
Post_Impressionism,maurice-denis,sleeping-woman-1892,sleeping-woman-1892.jpg
Mannerism_Late_Renaissance,giorgio-vasari,the-studio-of-the-painter,the-studio-of-the-painter.jpg
Romanticism,adolphe-joseph-thomas-monticelli,elegant-women-and-cupids,elegant-women-and-cupids.jpg
Impressionism,mary-cassatt,mother-holding-her-baby,mother-holding-her-baby.jpg
Northern_Renaissance,albrecht-altdorfer,samson-and-the-lion-1512,samson-and-the-lion-1512.jpg
Impressionism,claude-monet,the-pyramids-cliffs-at-belle-ile,the-pyramids-cliffs-at-belle-ile.jpg
Realism,charles-francois-daubigny,the-banks-of-the-river-1,the-banks-of-the-river-1.jpg
Realism,winslow-homer,snap-the-whip,snap-the-whip.jpg
Baroque,agostino-carracci,the-holy-family-with-sts-anthony-abbot-catherine-and-the-infant-st-john-1582,the-holy-family-with-sts-anthony-abbot-catherine-and-the-infant-st-john-1582.jpg
Baroque,gabriel-metsu,the-apple-peeler-1657,the-apple-peeler-1657.jpg
Post_Impressionism,paul-cezanne,reflections-in-the-water,reflections-in-the-water.jpg
Impressionism,maurice-prendergast,skipping-rope-1895,skipping-rope-1895.jpg
Romanticism,john-collier,the-artist-s-wife-marion-collier-n-e-huxley,the-artist-s-wife-marion-collier-n-e-huxley.jpg
Romanticism,gustave-dore,the-descent-from-thecross,the-descent-from-thecross.jpg
Realism,fyodor-vasilyev,rapid-stream,rapid-stream.jpg
Romanticism,fyodor-solntsev,people-clothes-the-province-of-kiev-1,people-clothes-the-province-of-kiev-1.jpg
Realism,anders-zorn,opal-1891,opal-1891.jpg
Naive_Art_Primitivism,marc-chagall,bathsheba-1963,bathsheba-1963.jpg
Art_Nouveau_Modern,nicholas-roerich,brangena-1912,brangena-1912.jpg
Realism,thomas-eakins,john-biglin-in-a-single-scull-1874-1,john-biglin-in-a-single-scull-1874-1.jpg
Realism,martiros-saryan,portrait-of-an-art-critic-abram-efros-1944,portrait-of-an-art-critic-abram-efros-1944.jpg
High_Renaissance,cima-da-conegliano,madonna-of-the-orange-tree-with-st-ludovic-of-toulouse-and-st-jerome,madonna-of-the-orange-tree-with-st-ludovic-of-toulouse-and-st-jerome.jpg
Expressionism,george-mavroides,nino-2000,nino-2000.jpg
Synthetic_Cubism,georges-braque,violin-and-pipe-le-quotidien-1913,violin-and-pipe-le-quotidien-1913.jpg
Northern_Renaissance,gerard-david,the-virgin-and-child-in-a-landscape,the-virgin-and-child-in-a-landscape.jpg
Art_Nouveau_Modern,ivan-bilibin,prince-ivan-and-the-firebird-illustration-for-the-russian-fairy-story-the-firebird-1901,prince-ivan-and-the-firebird-illustration-for-the-russian-fairy-story-the-firebird-1901.jpg
Cubism,louis-marcoussis,composition-au-visage-et-au-coquillage-1939,composition-au-visage-et-au-coquillage-1939.jpg
Symbolism,mstislav-dobuzhinsky,rooftops-1901,rooftops-1901.jpg
Art_Nouveau_Modern,felix-vallotton,henri-d-artois-1895,henri-d-artois-1895.jpg
Art_Nouveau_Modern,nicholas-roerich,tristan-1912,tristan-1912.jpg
Post_Impressionism,vincent-van-gogh,woman-standing-1890,woman-standing-1890.jpg
Realism,vincent-van-gogh,seated-girl-seen-from-the-front,seated-girl-seen-from-the-front.jpg
Impressionism,william-merritt-chase,girl-in-a-japanese-costume,girl-in-a-japanese-costume.jpg
Color_Field_Painting,morris-louis,floral-v-1960,floral-v-1960.jpg
Art_Nouveau_Modern,leon-bakst,arabic-dancer,arabic-dancer.jpg
Northern_Renaissance,albrecht-durer,deposition-engraved-passion-1512,deposition-engraved-passion-1512.jpg
Art_Nouveau_Modern,nicholas-roerich,tristan-1912-1,tristan-1912-1.jpg
Romanticism,dante-gabriel-rossetti,the-beloved-study-the-bride-study-1865,the-beloved-study-the-bride-study-1865.jpg
Ukiyo_e,tsukioka-yoshitoshi,lady-getting-tattooed,lady-getting-tattooed.jpg
Romanticism,thomas-cole,catskill-scenery,catskill-scenery.jpg
Naive_Art_Primitivism,marc-chagall,tchitchikov-triumphant,tchitchikov-triumphant.jpg
Symbolism,james-tissot,the-death-of-aaron,the-death-of-aaron.jpg
Expressionism,ion-tuculescu,travelling-eyes,travelling-eyes.jpg
Art_Nouveau_Modern,nicholas-roerich,saint-sergius-1922,saint-sergius-1922.jpg
Impressionism,edouard-manet,woman-in-furs-portrait-of-mery-laurent-1882,woman-in-furs-portrait-of-mery-laurent-1882.jpg
Impressionism,james-tissot,a-declaration-of-love,a-declaration-of-love.jpg
Impressionism,james-ensor,old-lady-with-blue-shawl-the-artist-s-grandmother-1881,old-lady-with-blue-shawl-the-artist-s-grandmother-1881.jpg
Expressionism,max-pechstein,schneeschmelze-melting-snow-1922,schneeschmelze-melting-snow-1922.jpg
Pop_Art,andy-warhol,marylin-red,marylin-red.jpg
Realism,ilya-repin,portrait-of-a-bocharova-artist-s-aunts-1859,portrait-of-a-bocharova-artist-s-aunts-1859.jpg
Northern_Renaissance,albrecht-durer,christ-appears-to-mary-magdalene-1511,christ-appears-to-mary-magdalene-1511.jpg
Mannerism_Late_Renaissance,titian,st-john-the-almsgiver-1550,st-john-the-almsgiver-1550.jpg
Art_Nouveau_Modern,nicholas-roerich,kiss-the-earth-1912-1,kiss-the-earth-1912-1.jpg
Expressionism,martiros-saryan,ararat-1912,ararat-1912.jpg
Realism,charles-francois-daubigny,sunset-on-the-oise-1865,sunset-on-the-oise-1865.jpg
Art_Nouveau_Modern,wilhelm-kotarbinski,adagio2,adagio2.jpg
Baroque,adriaen-van-ostade,the-peasant-settling-his-debt,the-peasant-settling-his-debt.jpg
Impressionism,arkhip-kuindzhi,view-on-moscow-from-sparrow-hills-1882,view-on-moscow-from-sparrow-hills-1882.jpg
Art_Nouveau_Modern,nicholas-roerich,solveig-1912,solveig-1912.jpg
Impressionism,peder-severin-kroyer,marie-kr-yer-painting-on-the-beach-at-stenbjerg-1889,marie-kr-yer-painting-on-the-beach-at-stenbjerg-1889.jpg
Impressionism,john-henry-twachtman,round-hill-road-1900,round-hill-road-1900.jpg
Expressionism,henri-matisse,young-woman-playing-violin-1923,young-woman-playing-violin-1923.jpg
Post_Impressionism,richard-gerstl,fruit-tree-1907,fruit-tree-1907.jpg
Expressionism,ernst-ludwig-kirchner,cows-at-sunset-1919,cows-at-sunset-1919.jpg
Realism,james-tissot,hide-and-seek,hide-and-seek.jpg
Realism,fyodor-vasilyev,landscape-pargolovo,landscape-pargolovo.jpg
Post_Impressionism,pyotr-konchalovsky,kutaisi-grape-market-1935,kutaisi-grape-market-1935.jpg
Northern_Renaissance,lucas-cranach-the-elder,paradise-1536,paradise-1536.jpg
Art_Nouveau_Modern,edmund-dulac,princess-orchid-s-party-illustration-to-fairies-i-have-met,princess-orchid-s-party-illustration-to-fairies-i-have-met.jpg
Rococo,william-hogarth,portrait-of-lady-mary-grey-and-lord-george-grey-1740,portrait-of-lady-mary-grey-and-lord-george-grey-1740.jpg
Realism,john-everett-millais,caller-herrin,caller-herrin.jpg
Naive_Art_Primitivism,niko-pirosmani,kakheti-wine-kardanah(1),kakheti-wine-kardanah(1).jpg
Pointillism,maurice-prendergast,rising-tide-st-malo,rising-tide-st-malo.jpg
Symbolism,nicholas-roerich,tibet-1943-1,tibet-1943-1.jpg
Expressionism,balthus,young-girl-with-white-skirt-1955,young-girl-with-white-skirt-1955.jpg
Contemporary_Realism,richard-whitney,helen-papoutsy,helen-papoutsy.jpg
Symbolism,mikhail-vrubel,a-man-in-a-russian-old-style-costume-1886,a-man-in-a-russian-old-style-costume-1886.jpg
Romanticism,konstantin-makovsky,street-in-cairo,street-in-cairo.jpg
Abstract_Expressionism,aaron-siskind,per-400-1983,per-400-1983.jpg
Romanticism,william-holman-hunt,portrait-of-dante-gabriel-rossetti-1853,portrait-of-dante-gabriel-rossetti-1853.jpg
Impressionism,john-henry-twachtman,in-the-greenhouse,in-the-greenhouse.jpg
High_Renaissance,pietro-perugino,madonna-with-saints-adoring-the-child,madonna-with-saints-adoring-the-child.jpg
Expressionism,pierre-alechinsky,stars-and-disasters-astres-et-d-sastres-1969-1,stars-and-disasters-astres-et-d-sastres-1969-1.jpg
Realism,vasily-surikov,view-of-kremlin-at-winter-1876,view-of-kremlin-at-winter-1876.jpg
Impressionism,willard-metcalf,flying-shadows-1,flying-shadows-1.jpg
Art_Nouveau_Modern,nicholas-roerich,clowns-skula-and-yeroshka-1914,clowns-skula-and-yeroshka-1914.jpg
Baroque,bartolome-esteban-murillo,the-immaculate-conception-1,the-immaculate-conception-1.jpg
Realism,ilya-repin,on-a-turf-bench-1876,on-a-turf-bench-1876.jpg
Expressionism,paul-delvaux,naked-at-dawn-1932,naked-at-dawn-1932.jpg
Expressionism,dimitris-mytaras,mirror-with-mauve-1964,mirror-with-mauve-1964.jpg
Northern_Renaissance,hans-holbein-the-younger,st-john-the-baptist,st-john-the-baptist.jpg
Impressionism,pierre-auguste-renoir,girl-wearing-a-straw-hat,girl-wearing-a-straw-hat.jpg
High_Renaissance,titian,giorgio-cornaro-with-a-falcon-1537,giorgio-cornaro-with-a-falcon-1537.jpg
Baroque,adriaen-van-de-velde,battle,battle.jpg
Early_Renaissance,andrea-del-verrocchio,putto-with-dolphin,putto-with-dolphin.jpg
Expressionism,george-bouzianis,topio-sto-aixenaou-1928,topio-sto-aixenaou-1928.jpg
Symbolism,konstantin-bogaevsky,altars-in-the-desert-1908,altars-in-the-desert-1908.jpg
Impressionism,claude-monet,rouen-cathedral-evening-harmony-in-brown-1894,rouen-cathedral-evening-harmony-in-brown-1894.jpg
Color_Field_Painting,gotthard-graubner,caldo-2002,caldo-2002.jpg
Realism,salvador-dali,equestrian-fantasy-portrait-of-lady-dunn,equestrian-fantasy-portrait-of-lady-dunn.jpg
Naive_Art_Primitivism,marc-chagall,window-over-a-garden,window-over-a-garden.jpg
Cubism,pablo-picasso,woman-in-an-armchair-1941,woman-in-an-armchair-1941.jpg
Post_Impressionism,vincent-van-gogh,street-in-saintes-maries-1888-2,street-in-saintes-maries-1888-2.jpg
Art_Nouveau_Modern,edmund-dulac,a-palace-of-wonder-from-beauty-and-the-beast,a-palace-of-wonder-from-beauty-and-the-beast.jpg
Baroque,guido-reni,saint-mark,saint-mark.jpg
Abstract_Expressionism,jackson-pollock,number-14(1),number-14(1).jpg
Romanticism,joseph-wright,virgil-s-tomb-with-the-figure-of-silius-italicus-1779,virgil-s-tomb-with-the-figure-of-silius-italicus-1779.jpg
Post_Impressionism,henri-de-toulouse-lautrec,the-redhead-with-a-white-blouse-1888,the-redhead-with-a-white-blouse-1888.jpg
Romanticism,fyodor-solntsev,clothing-of-queens-with-portraits-of-queens-evdokia-lukianovny-and-natalia-kirilovna,clothing-of-queens-with-portraits-of-queens-evdokia-lukianovny-and-natalia-kirilovna.jpg
Art_Nouveau_Modern,henri-de-toulouse-lautrec,the-mad-cow,the-mad-cow.jpg
Early_Renaissance,carlo-crivelli,piet-1,piet-1.jpg
Early_Renaissance,andrea-mantegna,maria-with-the-sleeping-child-1455,maria-with-the-sleeping-child-1455.jpg
Impressionism,arkhip-kuindzhi,night,night.jpg
Post_Impressionism,edouard-cortes,place-de-la-madeleine-2,place-de-la-madeleine-2.jpg
Northern_Renaissance,albrecht-durer,portrait-of-jakob-fugger-1,portrait-of-jakob-fugger-1.jpg
Realism,ilya-repin,portrait-of-m-p-shevtsova-wife-of-a-shevtsov-1876,portrait-of-m-p-shevtsova-wife-of-a-shevtsov-1876.jpg
Impressionism,pierre-auguste-renoir,jacques-fray-as-a-baby-1904,jacques-fray-as-a-baby-1904.jpg
Pop_Art,andy-warhol,queen-beatrix-of-the-netherlands-from-reigning-queens-1985,queen-beatrix-of-the-netherlands-from-reigning-queens-1985.jpg
Impressionism,claude-monet,the-wooden-bridge,the-wooden-bridge.jpg
Realism,john-singer-sargent,villa-torlonia-fountain-1907,villa-torlonia-fountain-1907.jpg
Naive_Art_Primitivism,pablo-picasso,jacqueline-in-turkish-costume-1955,jacqueline-in-turkish-costume-1955.jpg
Symbolism,konstantin-vasilyev,marshal-zhukov,marshal-zhukov.jpg
Post_Impressionism,ilya-mashkov,berries-on-the-background-of-a-red-tray-1908,berries-on-the-background-of-a-red-tray-1908.jpg
Romanticism,william-shayer,afternoon-rest,afternoon-rest.jpg
Cubism,romare-bearden,battle-with-cicones-1977,battle-with-cicones-1977.jpg
Realism,james-tissot,unaccepted,unaccepted.jpg
Rococo,louise-elisabeth-vigee-le-brun,portrait-of-baron-grigory-alexandrovich-stroganoff-1793,portrait-of-baron-grigory-alexandrovich-stroganoff-1793.jpg
Early_Renaissance,carlo-crivelli,annunciation-angel-1482,annunciation-angel-1482.jpg
Rococo,allan-ramsay,the-painter-s-wife-margaret-lindsay,the-painter-s-wife-margaret-lindsay.jpg
Realism,boris-kustodiev,portrait-of-m-a-voloshin-1924,portrait-of-m-a-voloshin-1924.jpg
Symbolism,konstantin-bogaevsky,classical-landscape-1910,classical-landscape-1910.jpg
Romanticism,ivan-aivazovsky,the-shipwreck-1875,the-shipwreck-1875.jpg
Northern_Renaissance,jean-fouquet,medallion,medallion.jpg
Romanticism,caspar-david-friedrich,oak-tree-in-the-snow-1828,oak-tree-in-the-snow-1828.jpg
Northern_Renaissance,hans-baldung,the-three-kings-altarpiece,the-three-kings-altarpiece.jpg
Realism,camille-pissarro,la-varenne-de-st-hilaire-1863,la-varenne-de-st-hilaire-1863.jpg
Romanticism,konstantin-makovsky,portrait-of-russian-opera-singer-nikolay-figner,portrait-of-russian-opera-singer-nikolay-figner.jpg
Realism,charles-francois-daubigny,the-banks-of-the-oise(1),the-banks-of-the-oise(1).jpg
Romanticism,theodore-gericault,horse-leaving-a-stable,horse-leaving-a-stable.jpg
Impressionism,pierre-auguste-renoir,the-seine-at-argenteuil-1888-1,the-seine-at-argenteuil-1888-1.jpg
Cubism,ernst-ludwig-kirchner,traber-team,traber-team.jpg
Northern_Renaissance,hans-baldung,the-erection-of-the-cross-1507,the-erection-of-the-cross-1507.jpg
Impressionism,camille-pissarro,peasant-woman-at-the-well,peasant-woman-at-the-well.jpg
Impressionism,pierre-auguste-renoir,cup-and-oranges,cup-and-oranges.jpg
Naive_Art_Primitivism,marc-chagall,illustration-for-louis-aragon-s-work-one-who-says-things-without-saying-anything-1976-18,illustration-for-louis-aragon-s-work-one-who-says-things-without-saying-anything-1976-18.jpg
Romanticism,william-holman-hunt,british-artist-william-holman-hunt,british-artist-william-holman-hunt.jpg
Naive_Art_Primitivism,horace-pippin,victorian-interior,victorian-interior.jpg
Minimalism,walter-de-maria,triangle-circle-square-1972,triangle-circle-square-1972.jpg
Realism,ivan-kramskoy,portrait-of-the-artist-konstantin-savitsky-1871,portrait-of-the-artist-konstantin-savitsky-1871.jpg
Realism,vincent-van-gogh,sien-nursing-baby-half-figure-1882-1,sien-nursing-baby-half-figure-1882-1.jpg
Impressionism,joaquã­n-sorolla,maria-at-the-beach-biarritz-1906,maria-at-the-beach-biarritz-1906.jpg
Abstract_Expressionism,betty-parsons,ladder-1968,ladder-1968.jpg
Northern_Renaissance,albrecht-durer,arm-of-eve,arm-of-eve.jpg
Romanticism,johan-christian-dahl,holmestrand-1843,holmestrand-1843.jpg
Art_Nouveau_Modern,carl-larsson,plowing(1),plowing(1).jpg
Romanticism,alexander-orlowski,portrait-of-a-woman-1814,portrait-of-a-woman-1814.jpg
Impressionism,konstantinos-volanakis,washing-women-at-the-river,washing-women-at-the-river.jpg
Romanticism,orest-kiprensky,a-large-griffonnage-1814,a-large-griffonnage-1814.jpg
Symbolism,akseli-gallen-kallela,symposium-1894,symposium-1894.jpg
Pop_Art,tano-festa,pialla,pialla.jpg
Impressionism,claude-monet,water-lilies-21,water-lilies-21.jpg
Realism,edouard-manet,branch-of-white-peonies-and-secateurs-1864,branch-of-white-peonies-and-secateurs-1864.jpg
Post_Impressionism,ilya-mashkov,still-life-with-crabs-1925,still-life-with-crabs-1925.jpg
Fauvism,rik-wouters,the-flute-player-1914,the-flute-player-1914.jpg
Mannerism_Late_Renaissance,jacopo-pontormo,study-of-two-carthusian-monks-1525,study-of-two-carthusian-monks-1525.jpg
Impressionism,claude-monet,the-marina-at-argenteuil-1872,the-marina-at-argenteuil-1872.jpg
Realism,gustave-courbet,two-roe-deers-in-the-forest,two-roe-deers-in-the-forest.jpg
Expressionism,ion-nicodim,unknown-title(13),unknown-title(13).jpg
Realism,vasily-perov,christ-in-gethsemane-1878,christ-in-gethsemane-1878.jpg
Impressionism,maurice-prendergast,handkerchief-point-coastal-scene,handkerchief-point-coastal-scene.jpg
Post_Impressionism,jack-bush,country-road-1942,country-road-1942.jpg
Art_Nouveau_Modern,raphael-kirchner,cigarettes-of-the-world-1900-3,cigarettes-of-the-world-1900-3.jpg
Impressionism,salvador-dali,orchard-at-llane-cadaques-1920,orchard-at-llane-cadaques-1920.jpg
High_Renaissance,correggio,departure-of-christ-from-mary-with-mary-and-martha-the-sisters-of-lazarus-1518,departure-of-christ-from-mary-with-mary-and-martha-the-sisters-of-lazarus-1518.jpg
Romanticism,thomas-cole,sunny-morning-on-the-hudson-river-1827,sunny-morning-on-the-hudson-river-1827.jpg
Cubism,otto-gustav-carlsund,framf-r-toalettspegeln,framf-r-toalettspegeln.jpg
Impressionism,gustave-caillebotte,clump-of-chrysanthemums-garden-at-petit-gennevilliers,clump-of-chrysanthemums-garden-at-petit-gennevilliers.jpg
Realism,vincent-van-gogh,peasant-woman-head-7,peasant-woman-head-7.jpg
Post_Impressionism,paul-cezanne,farm-in-normandy-summer-1882,farm-in-normandy-summer-1882.jpg
Naive_Art_Primitivism,marc-chagall,view-over-notre-dame-1980,view-over-notre-dame-1980.jpg
Impressionism,edouard-manet,portrait-of-henry-bernstein-as-a-child-1881,portrait-of-henry-bernstein-as-a-child-1881.jpg
Post_Impressionism,edouard-cortes,railway-ballast,railway-ballast.jpg
Art_Nouveau_Modern,raphael-kirchner,christmas-pictures,christmas-pictures.jpg
Expressionism,ligia-macovei,the-girl-with-an-orange,the-girl-with-an-orange.jpg
Realism,james-tissot,the-dreamer-summer-evening,the-dreamer-summer-evening.jpg
Post_Impressionism,theo-van-rysselberghe,roger-martin-du-gard-1926,roger-martin-du-gard-1926.jpg
High_Renaissance,andrea-solario,head-of-st-john-the-baptist,head-of-st-john-the-baptist.jpg
Impressionism,konstantin-korovin,roses-evening-1908,roses-evening-1908.jpg
Post_Impressionism,gustave-loiseau,fog-morning-effect-1917,fog-morning-effect-1917.jpg
Realism,vasily-polenov,troas,troas.jpg
Expressionism,edvard-munch,spring-1889,spring-1889.jpg
Fauvism,walasse-ting,green-lady-with-pink-rose,green-lady-with-pink-rose.jpg
New_Realism,william-james-glackens,1911-for-the-championship-of-the-backlot-league,1911-for-the-championship-of-the-backlot-league.jpg
Impressionism,james-tissot,older-sister,older-sister.jpg
Naive_Art_Primitivism,diego-rivera,delfina-and-dimas,delfina-and-dimas.jpg
Expressionism,milton-avery,blue-bay-and-dunes-1961,blue-bay-and-dunes-1961.jpg
Ukiyo_e,keisai-eisen,a-couple-1827,a-couple-1827.jpg
Impressionism,camille-pissarro,the-louvre-winter-sunlight-morning-2nd-version-1901,the-louvre-winter-sunlight-morning-2nd-version-1901.jpg
Post_Impressionism,gustave-loiseau,near-pontoise-1901,near-pontoise-1901.jpg
Post_Impressionism,vincent-van-gogh,guinguette-1886(1),guinguette-1886(1).jpg
Baroque,peter-paul-rubens,the-triumph-of-the-victory,the-triumph-of-the-victory.jpg
Symbolism,nicholas-roerich,sketch-for-ladoga-series-1918,sketch-for-ladoga-series-1918.jpg
Romanticism,jan-matejko,saint-casimir,saint-casimir.jpg
Symbolism,mstislav-dobuzhinsky,petersburg-the-obvodny-canal-1902,petersburg-the-obvodny-canal-1902.jpg
Realism,valentin-serov,portrait-of-the-actress-glikeria-fedotova-1905,portrait-of-the-actress-glikeria-fedotova-1905.jpg
High_Renaissance,giorgione,christ-carrying-the-cross(2),christ-carrying-the-cross(2).jpg
Romanticism,gustave-dore,the-gluttons-ciacco(1),the-gluttons-ciacco(1).jpg
Realism,pyotr-konchalovsky,portrait-of-boris-nikolayevich-yakovlev-1953,portrait-of-boris-nikolayevich-yakovlev-1953.jpg
Early_Renaissance,fra-angelico,crucified-christ-with-the-virgin-st-john-the-evangelist-and-cardinal-juan-de-torquemada-1442,crucified-christ-with-the-virgin-st-john-the-evangelist-and-cardinal-juan-de-torquemada-1442.jpg
Baroque,anthony-van-dyck,deposition-1634,deposition-1634.jpg
Realism,henri-fantin-latour,dahlias-1873,dahlias-1873.jpg
Realism,pyotr-konchalovsky,still-life-lilacs-in-a-basket-heroic-1933,still-life-lilacs-in-a-basket-heroic-1933.jpg
Expressionism,rafael-zabaleta,seated-boy-1,seated-boy-1.jpg
Impressionism,claude-monet,the-garden-1,the-garden-1.jpg
Early_Renaissance,sandro-botticelli,inferno-canto-xxxi-1480(1),inferno-canto-xxxi-1480(1).jpg
Impressionism,francis-picabia,the-eure-in-the-twilight-sun-1901,the-eure-in-the-twilight-sun-1901.jpg
Baroque,esaias-van-de-velde,riding-on-the-road-next-to-a-farm,riding-on-the-road-next-to-a-farm.jpg
Symbolism,gustav-klimt,hope-i,hope-i.jpg
Baroque,frans-hals,portrait-of-a-man-nicolaes-pietersz-duyst-van-voorhou,portrait-of-a-man-nicolaes-pietersz-duyst-van-voorhou.jpg
Romanticism,ivan-aivazovsky,sunset-a-lone-sailboat-1853,sunset-a-lone-sailboat-1853.jpg
Post_Impressionism,henri-de-toulouse-lautrec,baron,baron.jpg
Realism,ilya-repin,a-bouquet-of-flowers-1878,a-bouquet-of-flowers-1878.jpg
Impressionism,claude-monet,woman-with-a-parasol-in-the-garden-in-argenteuil,woman-with-a-parasol-in-the-garden-in-argenteuil.jpg
Impressionism,alfred-sisley,banks-of-the-loing-at-saint-mammes-1885,banks-of-the-loing-at-saint-mammes-1885.jpg
Impressionism,basuki-abdullah,the-fruit-market,the-fruit-market.jpg
Northern_Renaissance,albrecht-durer,the-penance-of-st-john-chrysostom-1496,the-penance-of-st-john-chrysostom-1496.jpg
Symbolism,gustave-moreau,voices-of-evening,voices-of-evening.jpg
Art_Nouveau_Modern,heorhiy-narbut,illustration-to-nightingale-by-hans-christian-andersen-1912,illustration-to-nightingale-by-hans-christian-andersen-1912.jpg
Symbolism,nicholas-roerich,sketch-for-tale-of-tsar-saltan-1919-4,sketch-for-tale-of-tsar-saltan-1919-4.jpg
Romanticism,francisco-goya,now-they-are-sitting-well-1799,now-they-are-sitting-well-1799.jpg
High_Renaissance,michelangelo,the-ancestors-of-christ-ozias-1509,the-ancestors-of-christ-ozias-1509.jpg
Impressionism,pierre-auguste-renoir,portrait-of-a-woman-1892,portrait-of-a-woman-1892.jpg
Impressionism,gregoire-boonzaier,an-old-cottage-mowbray-1933,an-old-cottage-mowbray-1933.jpg
Realism,odilon-redon,flowers-in-a-vase-with-one-handle,flowers-in-a-vase-with-one-handle.jpg
Naive_Art_Primitivism,georges-ribemont-dessaignes,untitled-river-and-hills,untitled-river-and-hills.jpg
Mannerism_Late_Renaissance,giorgio-vasari,the-last-judgment,the-last-judgment.jpg
Realism,ivan-shishkin,mast-tree-grove-1897,mast-tree-grove-1897.jpg
Expressionism,neil-welliver,the-beautiful-gabrielle-and-the-marechale-de-balagny,the-beautiful-gabrielle-and-the-marechale-de-balagny.jpg
Romanticism,viktor-vasnetsov,oleg-meets-wizard-1899,oleg-meets-wizard-1899.jpg
Baroque,rembrandt,the-triumph-of-mordechai-1641,the-triumph-of-mordechai-1641.jpg
Romanticism,john-crome,a-barge-with-a-wounded-soldier,a-barge-with-a-wounded-soldier.jpg
Rococo,joshua-reynolds,lady-charles-spencer,lady-charles-spencer.jpg
Cubism,yiannis-tsaroychis,drawing-1926,drawing-1926.jpg
Abstract_Expressionism,geta-bratescu,the-rule-of-the-circle-the-rule-of-the-game-1985(11),the-rule-of-the-circle-the-rule-of-the-game-1985(11).jpg
Realism,theodore-rousseau,sunset-on-a-plain,sunset-on-a-plain.jpg
Impressionism,john-henry-twachtman,fishing-boats-at-gloucester,fishing-boats-at-gloucester.jpg
Realism,henri-fantin-latour,still-life-glass-silver-goblet-and-cup-of-champagn-1871,still-life-glass-silver-goblet-and-cup-of-champagn-1871.jpg
Early_Renaissance,domenico-ghirlandaio,zacharias-writes-down-the-name-of-his-son,zacharias-writes-down-the-name-of-his-son.jpg
Post_Impressionism,salvador-dali,self-portrait-with-raphaelesque-neck-1922,self-portrait-with-raphaelesque-neck-1922.jpg
Realism,winslow-homer,two-girls-on-the-beach-tynemouth-1891,two-girls-on-the-beach-tynemouth-1891.jpg
Expressionism,ernst-ludwig-kirchner,female-nudes-striding-into-the-sea,female-nudes-striding-into-the-sea.jpg
Realism,augustus-john,signorina-estella-1900,signorina-estella-1900.jpg
Art_Nouveau_Modern,anna-ostroumova-lebedeva,landscape-near-the-pil-tower-1923,landscape-near-the-pil-tower-1923.jpg
Expressionism,margareta-sterian,circus-scene,circus-scene.jpg
Impressionism,pierre-auguste-renoir,portrait-of-coco-1905,portrait-of-coco-1905.jpg
Impressionism,claude-monet,poplars-at-giverny-2,poplars-at-giverny-2.jpg
Rococo,canaletto,an-island-in-the-lagoon-with-a-gateway-and-a-church,an-island-in-the-lagoon-with-a-gateway-and-a-church.jpg
Abstract_Expressionism,robert-goodnough,two-seated-figures-1955,two-seated-figures-1955.jpg
Pointillism,theo-van-rysselberghe,the-pointe-de-per-kiridec-at-roscoff,the-pointe-de-per-kiridec-at-roscoff.jpg
Post_Impressionism,paul-cezanne,large-trees-at-jas-de-bouffan-1887,large-trees-at-jas-de-bouffan-1887.jpg
Symbolism,konstantin-somov,fireworks-1,fireworks-1.jpg
High_Renaissance,pietro-perugino,the-crucifixion-1496,the-crucifixion-1496.jpg
Realism,aleksey-savrasov,landscape-with-church-and-the-ruins-1861,landscape-with-church-and-the-ruins-1861.jpg
Realism,boris-kustodiev,bathing-1912,bathing-1912.jpg
Realism,gustave-courbet,the-source-of-the-lison-1866,the-source-of-the-lison-1866.jpg
Expressionism,ion-pacea,composition-en-rouge,composition-en-rouge.jpg
Realism,camille-corot,coulommiers-the-garden-of-m-preschez-1868,coulommiers-the-garden-of-m-preschez-1868.jpg
Rococo,pietro-longhi,the-spinner(1),the-spinner(1).jpg
Art_Nouveau_Modern,carl-larsson,the-day-before-christmas-1892(1),the-day-before-christmas-1892(1).jpg
Fauvism,marsden-hartley,pueblo-mountain-1918,pueblo-mountain-1918.jpg
Rococo,thomas-gainsborough,thomas-pennant-1776,thomas-pennant-1776.jpg
Expressionism,candido-portinari,gaiola-i-do-livro-menino-de-engenho-1959,gaiola-i-do-livro-menino-de-engenho-1959.jpg
Expressionism,amedeo-modigliani,raimondo-1915,raimondo-1915.jpg
Realism,jehan-georges-vibert,a-grand-white-enuch-watching-doves,a-grand-white-enuch-watching-doves.jpg
Realism,fyodor-bronnikov,servant-of-cardinal-1869,servant-of-cardinal-1869.jpg
Romanticism,william-turner,music-company-petworth,music-company-petworth.jpg
Rococo,pietro-longhi,the-family,the-family.jpg
Abstract_Expressionism,bradley-walker-tomlin,all-souls-night-1947,all-souls-night-1947.jpg
Impressionism,claude-monet,cliffs-at-pourville-rain,cliffs-at-pourville-rain.jpg
Post_Impressionism,vincent-van-gogh,green-ears-of-wheat-1888(1),green-ears-of-wheat-1888(1).jpg
Art_Nouveau_Modern,wilhelm-kotarbinski,water-nymph,water-nymph.jpg
Realism,vladimir-makovsky,hiring-a-servants-1891,hiring-a-servants-1891.jpg
Symbolism,konstantin-bogaevsky,ancient-fortress-1902,ancient-fortress-1902.jpg
Post_Impressionism,vincent-van-gogh,wheat-field-with-a-lark-1887(1),wheat-field-with-a-lark-1887(1).jpg
Abstract_Expressionism,jay-defeo,the-rose-1966,the-rose-1966.jpg
Pop_Art,andy-warhol,cow-2,cow-2.jpg
Impressionism,joaquã­n-sorolla,my-family-1901,my-family-1901.jpg
Minimalism,felix-gonzalez-torres,untitled-north-1993,untitled-north-1993.jpg
Impressionism,camille-pissarro,the-road-to-louveciennes-at-the-outskirts-of-the-forest-1871,the-road-to-louveciennes-at-the-outskirts-of-the-forest-1871.jpg
Realism,ferdinand-hodler,the-shoemaker-1878,the-shoemaker-1878.jpg
Expressionism,pablo-picasso,the-absinthe-drinker-portrait-of-angel-fernandez-de-soto-1903,the-absinthe-drinker-portrait-of-angel-fernandez-de-soto-1903.jpg
Baroque,gabriel-metsu,visit-to-the-nursery-after-the-birth-of-sara-hinlopen-1661,visit-to-the-nursery-after-the-birth-of-sara-hinlopen-1661.jpg
Art_Nouveau_Modern,ivan-bilibin,illustration-for-a-poem-walls-of-cain-by-vyacheslav-ivanov-1906,illustration-for-a-poem-walls-of-cain-by-vyacheslav-ivanov-1906.jpg
Realism,nikolay-bogdanov-belsky,behind-the-light,behind-the-light.jpg
Post_Impressionism,raoul-dufy,street-decked-with-flags-1906,street-decked-with-flags-1906.jpg
Color_Field_Painting,sam-francis,black-and-red-1953,black-and-red-1953.jpg
Northern_Renaissance,albrecht-durer,jesus-boy-with-globe-1493,jesus-boy-with-globe-1493.jpg
Mannerism_Late_Renaissance,sofonisba-anguissola,portrait-of-minerva-anguissola,portrait-of-minerva-anguissola.jpg
Abstract_Expressionism,jackson-pollock,the-moon-woman-cuts-the-circle-1943,the-moon-woman-cuts-the-circle-1943.jpg
Symbolism,salvador-dali,mariae-annunciato-luke-1-26f-1967,mariae-annunciato-luke-1-26f-1967.jpg
Expressionism,henri-matisse,still-life-with-pineapples,still-life-with-pineapples.jpg
Impressionism,claude-monet,zaandam-little-bridge,zaandam-little-bridge.jpg
Impressionism,berthe-morisot,boating-on-the-lake,boating-on-the-lake.jpg
Realism,ivan-shishkin,birch-grove-1896-1,birch-grove-1896-1.jpg
Color_Field_Painting,ron-gorchov,promenade-1985,promenade-1985.jpg
Early_Renaissance,fra-angelico,the-story-of-st-nicholas-the-death-of-the-saint-1448,the-story-of-st-nicholas-the-death-of-the-saint-1448.jpg
Art_Nouveau_Modern,aubrey-beardsley,front-cover-1896,front-cover-1896.jpg
Impressionism,henri-de-toulouse-lautrec,the-general-at-the-river-1882,the-general-at-the-river-1882.jpg
Expressionism,jean-fautrier,nu-couch-1944,nu-couch-1944.jpg
Art_Nouveau_Modern,heorhiy-narbut,illustration-to-wooden-eagle-1909-4,illustration-to-wooden-eagle-1909-4.jpg
Realism,alexey-venetsianov,a-peasant-woman-combing-flax-anisia,a-peasant-woman-combing-flax-anisia.jpg
Symbolism,nicholas-roerich,ladakh-himalayas,ladakh-himalayas.jpg
Fauvism,mary-fedden,three-eggs-1994,three-eggs-1994.jpg
Impressionism,john-singer-sargent,ponte-san-giuseppe-di-castello-venice,ponte-san-giuseppe-di-castello-venice.jpg
Realism,charles-francois-daubigny,ferry-at-glouton-1859,ferry-at-glouton-1859.jpg
Impressionism,joaquã­n-sorolla,dragging-the-trawler-1904,dragging-the-trawler-1904.jpg
Symbolism,william-blake,illustration-to-milton-s-on-the-morning-of-christ-s-nativity-1809,illustration-to-milton-s-on-the-morning-of-christ-s-nativity-1809.jpg
Symbolism,george-frederick-watts,physical-energy(1),physical-energy(1).jpg
Color_Field_Painting,barnett-newman,canto-iv-1963,canto-iv-1963.jpg
Naive_Art_Primitivism,martiros-saryan,illustration-to-armenian-folk-tales-1937-4,illustration-to-armenian-folk-tales-1937-4.jpg
Realism,john-singer-sargent,thistles,thistles.jpg
Romanticism,william-turner,kenilworth-castle,kenilworth-castle.jpg
Post_Impressionism,vincent-van-gogh,sketch-of-a-stooping-man-1890,sketch-of-a-stooping-man-1890.jpg
Romanticism,gustave-dore,don-quixote-79,don-quixote-79.jpg
Realism,thomas-eakins,young-girl-meditating-1877,young-girl-meditating-1877.jpg
Symbolism,gustave-moreau,the-poet-and-the-saint-1868,the-poet-and-the-saint-1868.jpg
Mannerism_Late_Renaissance,giorgio-vasari,deposition-from-the-cross-1,deposition-from-the-cross-1.jpg
Contemporary_Realism,jamie-wyeth,other-voices-1995,other-voices-1995.jpg
Romanticism,gustave-dore,artaxerxes-granting-liberty-to-the-jews,artaxerxes-granting-liberty-to-the-jews.jpg
Realism,camille-corot,an-artist-painting-in-the-forest-of-fountainebleau-1855,an-artist-painting-in-the-forest-of-fountainebleau-1855.jpg
Realism,andrei-ryabushkin,head-of-boy,head-of-boy.jpg
Impressionism,gregoire-boonzaier,shanty-town,shanty-town.jpg
Pointillism,henri-martin,terrace-in-sun,terrace-in-sun.jpg
Impressionism,konstantin-korovin,at-the-open-window-1916,at-the-open-window-1916.jpg
Naive_Art_Primitivism,camille-bombois,maison-sur-la-riviere-1989,maison-sur-la-riviere-1989.jpg
Abstract_Expressionism,morris-louis,untitled-d11-1949,untitled-d11-1949.jpg
Impressionism,edgar-degas,the-fallen-jockey,the-fallen-jockey.jpg
Art_Nouveau_Modern,konstantin-korovin,costume-design-for-igor-in-the-production-of-prince-igor-at-the-mariinsky-theatre-1909,costume-design-for-igor-in-the-production-of-prince-igor-at-the-mariinsky-theatre-1909.jpg
Impressionism,alfred-sisley,meadow-1875,meadow-1875.jpg
Symbolism,nicholas-roerich,himalayas-1943,himalayas-1943.jpg
Romanticism,johann-koler,self-portrait-1859,self-portrait-1859.jpg
Impressionism,pierre-auguste-renoir,dedee-in-spanish-dress-1917,dedee-in-spanish-dress-1917.jpg
Baroque,peter-paul-rubens,landscape-with-tower,landscape-with-tower.jpg
Expressionism,gerard-sekoto,blue-head,blue-head.jpg
Baroque,adriaen-brouwer,peasant-inn,peasant-inn.jpg
Romanticism,ivan-aivazovsky,calm-sea-landscape-with-fishermen-1887,calm-sea-landscape-with-fishermen-1887.jpg
Mannerism_Late_Renaissance,jacopo-pontormo,volta-1515-4,volta-1515-4.jpg
Rococo,louise-elisabeth-vigee-le-brun,portrait-of-anna-pitt-as-hebe-1792,portrait-of-anna-pitt-as-hebe-1792.jpg
Impressionism,camille-pissarro,the-pilot-s-jetty-le-havre-high-tide-afternoon-sun-1903,the-pilot-s-jetty-le-havre-high-tide-afternoon-sun-1903.jpg
Minimalism,john-mclaughlin,number-15-1961,number-15-1961.jpg
Romanticism,gustave-dore,the-empyrean,the-empyrean.jpg
Naive_Art_Primitivism,henri-rousseau,the-artist-painting-his-wife-1905,the-artist-painting-his-wife-1905.jpg
Mannerism_Late_Renaissance,tintoretto,the-vision-of-ezekiel-1578,the-vision-of-ezekiel-1578.jpg
Impressionism,federico-zandomeneghi,reverie,reverie.jpg
Art_Nouveau_Modern,raphael-kirchner,premiere-veil,premiere-veil.jpg
Symbolism,nicholas-roerich,star-of-the-hero-1932-1,star-of-the-hero-1932-1.jpg
Pop_Art,gerard-fromanger,le-boulevard-des-italiens-1971,le-boulevard-des-italiens-1971.jpg
Impressionism,ilya-repin,the-yield-on-the-red-porch-1910,the-yield-on-the-red-porch-1910.jpg
Realism,aleksey-savrasov,pine-in-marsh-1882,pine-in-marsh-1882.jpg
Impressionism,georges-seurat,house-with-red-roof-1883,house-with-red-roof-1883.jpg
Impressionism,paul-cezanne,jas-de-bouffan-the-pool,jas-de-bouffan-the-pool.jpg
Impressionism,konstantin-korovin,kremlin-view-from-cathedral-of-christ-the-saviour,kremlin-view-from-cathedral-of-christ-the-saviour.jpg
Fauvism,mary-fedden,still-life-with-fruit-and-flowers-1988,still-life-with-fruit-and-flowers-1988.jpg
Post_Impressionism,moise-kisling,not-identified-35,not-identified-35.jpg
Realism,theodore-rousseau,the-forest-in-winter,the-forest-in-winter.jpg
Impressionism,mary-cassatt,mother-and-daughter-looking-at-the-baby,mother-and-daughter-looking-at-the-baby.jpg
Cubism,paul-cezanne,chateau-noir-4,chateau-noir-4.jpg
Expressionism,ernst-ludwig-kirchner,nudeyoung-woman-in-front-of-a-oven,nudeyoung-woman-in-front-of-a-oven.jpg
Impressionism,claude-monet,the-jetty-at-le-havre-bad-weather-1870,the-jetty-at-le-havre-bad-weather-1870.jpg
Realism,constantin-guys,two-seated-women,two-seated-women.jpg
Romanticism,thomas-cole,the-voyage-of-life-childhood-1842,the-voyage-of-life-childhood-1842.jpg
Expressionism,max-beckmann,reclining-nude-1929,reclining-nude-1929.jpg
Realism,ivan-shishkin,herd-of-sheep-under-an-oak-tree-1863,herd-of-sheep-under-an-oak-tree-1863.jpg
Expressionism,yiannis-moralis,funeral-composition,funeral-composition.jpg
Baroque,anthony-van-dyck,george-villiers-2nd-duke-of-buckingham-and-his-brother-lord-francis-villiers-1635,george-villiers-2nd-duke-of-buckingham-and-his-brother-lord-francis-villiers-1635.jpg
Naive_Art_Primitivism,marc-chagall,sobakevich-s-house,sobakevich-s-house.jpg
Naive_Art_Primitivism,maurice-prendergast,salem-harbor-no-1,salem-harbor-no-1.jpg
Pointillism,georges-lemmen,view-of-the-thames-1892,view-of-the-thames-1892.jpg
Baroque,antoine-pesne,jean-mariette-engraver-1723,jean-mariette-engraver-1723.jpg
Realism,vladimir-makovsky,the-collapse-of-a-bank-study-1880,the-collapse-of-a-bank-study-1880.jpg
Post_Impressionism,vincent-van-gogh,a-corner-of-the-asylum-and-the-garden-with-a-heavy-sawn-off-tree-1889(1),a-corner-of-the-asylum-and-the-garden-with-a-heavy-sawn-off-tree-1889(1).jpg
Early_Renaissance,sandro-botticelli,the-story-of-nastagio-degli-onesti-i-from-the-decameron-by-boccaccio-1483(1),the-story-of-nastagio-degli-onesti-i-from-the-decameron-by-boccaccio-1483(1).jpg
Rococo,william-hogarth,the-shrimp-girl,the-shrimp-girl.jpg
Realism,alexey-venetsianov,shelling-of-beet,shelling-of-beet.jpg
Post_Impressionism,maxime-maufra,the-descending-street-at-locronan-1906,the-descending-street-at-locronan-1906.jpg
Impressionism,joaquã­n-sorolla,virgin-mary-1887,virgin-mary-1887.jpg
Post_Impressionism,vincent-van-gogh,enclosed-field-with-a-sower-in-the-rain-1889-1(1),enclosed-field-with-a-sower-in-the-rain-1889-1(1).jpg
Symbolism,mikhail-vrubel,horseman-1890,horseman-1890.jpg
Baroque,rembrandt,the-anatomy-lesson-of-dr-nicolaes-tulp-fragment-1632,the-anatomy-lesson-of-dr-nicolaes-tulp-fragment-1632.jpg
Romanticism,franz-xaver-winterhalter,elisabeth-kaiserin-von-sterreich,elisabeth-kaiserin-von-sterreich.jpg
Cubism,pablo-picasso,man-with-mandolin-1920,man-with-mandolin-1920.jpg
Expressionism,oswaldo-guayasamin,dos-cabezas-1987,dos-cabezas-1987.jpg
Art_Nouveau_Modern,felix-vallotton,the-beautiful-sunday-1895,the-beautiful-sunday-1895.jpg
Impressionism,pericles-pantazis,best-friends-forever,best-friends-forever.jpg
Post_Impressionism,pyotr-konchalovsky,palm-trees-and-geranium-1908,palm-trees-and-geranium-1908.jpg
Impressionism,micaela-eleutheriade,floarea-soarelui,floarea-soarelui.jpg
Pop_Art,andy-warhol,ingrid-bergman-with-hat,ingrid-bergman-with-hat.jpg
Post_Impressionism,vincent-van-gogh,woman-near-a-window-twice-man-with-winnow-sower-and-woman-with-broom,woman-near-a-window-twice-man-with-winnow-sower-and-woman-with-broom.jpg
Impressionism,max-slevogt,magic-flute-scene,magic-flute-scene.jpg
Realism,ivan-grohar,brna-1899,brna-1899.jpg
Art_Nouveau_Modern,wilhelm-kotarbinski,daughter-of-cairo-detail,daughter-of-cairo-detail.jpg
Art_Nouveau_Modern,ferdinand-hodler,the-lake-geneva-from-lausanne-1912,the-lake-geneva-from-lausanne-1912.jpg
Realism,ilya-repin,portrait-of-alexandra-pavlovna-botkina-1901,portrait-of-alexandra-pavlovna-botkina-1901.jpg
Post_Impressionism,karl-schrag,spring-bouquet-with-lilacs,spring-bouquet-with-lilacs.jpg
Romanticism,pavel-svinyin,steamboat-travel-on-the-hudson-river,steamboat-travel-on-the-hudson-river.jpg
Early_Renaissance,domenico-ghirlandaio,st-stephen-the-martyr,st-stephen-the-martyr.jpg
Impressionism,pierre-auguste-renoir,young-girl-in-a-straw-hat,young-girl-in-a-straw-hat.jpg
Post_Impressionism,pyotr-konchalovsky,grenada-1910,grenada-1910.jpg
Baroque,peter-paul-rubens,the-sacrifice-of-the-old-covenant,the-sacrifice-of-the-old-covenant.jpg
Post_Impressionism,henri-matisse,two-figures-reclining-in-a-landscape-1921,two-figures-reclining-in-a-landscape-1921.jpg
Pop_Art,hiro-yamagata,not-detected-272395,not-detected-272395.jpg
Impressionism,winston-churchill,trees-at-mimizan,trees-at-mimizan.jpg
Expressionism,lucian-freud,lawrence-gowing,lawrence-gowing.jpg
Expressionism,otto-dix,prostitutes,prostitutes.jpg
Romanticism,gustave-dore,the-crusaders-massacre-the-inhabitants-of-caesarea-1877,the-crusaders-massacre-the-inhabitants-of-caesarea-1877.jpg
Abstract_Expressionism,paul-jenkins,distance-finding-mozart,distance-finding-mozart.jpg
Symbolism,salvador-dali,iosephet-fratres-in-aegypto-1967,iosephet-fratres-in-aegypto-1967.jpg
Impressionism,pierre-auguste-renoir,woman-in-white-1916,woman-in-white-1916.jpg
Pointillism,henri-edmond-cross,a-garden-in-provence-1901,a-garden-in-provence-1901.jpg
Impressionism,claude-monet,vetheuil-4,vetheuil-4.jpg
Color_Field_Painting,frank-stella,khurasan-gate-iii-1968,khurasan-gate-iii-1968.jpg
Color_Field_Painting,gene-davis,graf-zeppelin-1969,graf-zeppelin-1969.jpg
Impressionism,edgar-degas,edmondo-and-therese-morbilli-1866,edmondo-and-therese-morbilli-1866.jpg
Baroque,francesco-guardi,city-view-1780,city-view-1780.jpg
Impressionism,childe-hassam,the-mirror-cos-cob-connecticut,the-mirror-cos-cob-connecticut.jpg
Baroque,gabriel-metsu,the-hunter-s-present,the-hunter-s-present.jpg
Abstract_Expressionism,joe-goode,ocean-blue-6-1988,ocean-blue-6-1988.jpg
Impressionism,frederic-bazille,landscape-of-aigues-mortes-1867,landscape-of-aigues-mortes-1867.jpg
Ukiyo_e,utagawa-kuniyoshi,shoki-and-demon-edo-period-1,shoki-and-demon-edo-period-1.jpg
Color_Field_Painting,john-hoyland,4-5-68-1968,4-5-68-1968.jpg
Realism,alexey-venetsianov,a-peasant-girl-with-embroidery,a-peasant-girl-with-embroidery.jpg
Realism,ion-andreescu,onions,onions.jpg
Post_Impressionism,paul-cezanne,bathers-1905,bathers-1905.jpg
Mannerism_Late_Renaissance,paolo-veronese,the-dream-of-saint-helena,the-dream-of-saint-helena.jpg
Realism,james-mcneill-whistler,old-mother-gerard-1859,old-mother-gerard-1859.jpg
Rococo,george-morland,donkeys,donkeys.jpg
Cubism,ernst-ludwig-kirchner,entcounter,entcounter.jpg
Color_Field_Painting,guido-molinari,red-rouge-quantifier-1976,red-rouge-quantifier-1976.jpg
Fauvism,henri-matisse,the-joy-of-life-1906,the-joy-of-life-1906.jpg
Impressionism,claude-monet,winter-landscape-at-the-val-de-falaise,winter-landscape-at-the-val-de-falaise.jpg
Fauvism,pyotr-konchalovsky,still-life-tray-and-vegetables-1910,still-life-tray-and-vegetables-1910.jpg
Fauvism,milton-avery,interlude-1960,interlude-1960.jpg
Pointillism,henri-edmond-cross,the-port-of-marseilles,the-port-of-marseilles.jpg
Baroque,sebastien-bourdon,portrait-of-ebba-sparre,portrait-of-ebba-sparre.jpg
Impressionism,edgar-degas,race-horses,race-horses.jpg
Pop_Art,patrick-caulfield,greece-expiring-on-the-ruins-of-missolonghi-after-delacroix-1963,greece-expiring-on-the-ruins-of-missolonghi-after-delacroix-1963.jpg
Impressionism,claude-monet,spring-1875,spring-1875.jpg
Cubism,saul-steinberg,head-1929,head-1929.jpg
Impressionism,joaquã­n-sorolla,marian-in-the-gardens-la-granja-1907,marian-in-the-gardens-la-granja-1907.jpg
Post_Impressionism,edouard-cortes,st-denis-7,st-denis-7.jpg
Ukiyo_e,utagawa-kuniyoshi,apparition-of-the-monstrous-cat,apparition-of-the-monstrous-cat.jpg
Art_Nouveau_Modern,koloman-moser,postcard-with-emperor-franz-josef-1908,postcard-with-emperor-franz-josef-1908.jpg
Color_Field_Painting,gene-davis,tarzan-series-i-1969(1),tarzan-series-i-1969(1).jpg
Realism,ivan-kramskoy,contemplator-1876,contemplator-1876.jpg
Impressionism,bela-czobel,girl-by-the-window-with-flower-1904,girl-by-the-window-with-flower-1904.jpg
Cubism,olexandr-archipenko,two-nude-female-figures-with-a-cloth,two-nude-female-figures-with-a-cloth.jpg
Realism,vincent-van-gogh,peasant-woman-lifting-potatoes-4-1885,peasant-woman-lifting-potatoes-4-1885.jpg
Realism,aleksey-savrasov,by-evening-1886,by-evening-1886.jpg
Baroque,anthony-van-dyck,portrait-of-prince-charles-louis-elector-palatine-1641,portrait-of-prince-charles-louis-elector-palatine-1641.jpg
Art_Nouveau_Modern,aubrey-beardsley,the-fall-of-the-house-of-usher,the-fall-of-the-house-of-usher.jpg
Post_Impressionism,victor-pasmore,reclining-nude-1942(1),reclining-nude-1942(1).jpg
Mannerism_Late_Renaissance,gregorio-lopes,mart-rio-de-s-o-sebasti-o-1536,mart-rio-de-s-o-sebasti-o-1536.jpg
Baroque,david-teniers-the-younger,the-hustle-cap,the-hustle-cap.jpg
Realism,m.c.-escher,ravello-and-the-coast-of-amalfi,ravello-and-the-coast-of-amalfi.jpg
Realism,viktor-vasnetsov,reaper-1867,reaper-1867.jpg
Rococo,bernardo-bellotto,view-of-the-grand-canal-at-san-stae-1738,view-of-the-grand-canal-at-san-stae-1738.jpg
Realism,nikolai-ge,oak-grove-at-san-terenzo,oak-grove-at-san-terenzo.jpg
Art_Nouveau_Modern,nicholas-roerich,hut-in-the-mountains-1912,hut-in-the-mountains-1912.jpg
Art_Nouveau_Modern,aubrey-beardsley,mrs-winifred-emery-1894,mrs-winifred-emery-1894.jpg
Post_Impressionism,vincent-van-gogh,madame-augustine-roulin-1889,madame-augustine-roulin-1889.jpg
Realism,ivan-shishkin,landscape-with-lake-1886,landscape-with-lake-1886.jpg
Impressionism,camille-pissarro,place-de-la-republique-rouen-with-tramway-1883,place-de-la-republique-rouen-with-tramway-1883.jpg
Pop_Art,peter-max,toulouse-lautrec-1966,toulouse-lautrec-1966.jpg
Realism,boris-kustodiev,portrait-of-g-s-vereisky-1917-1,portrait-of-g-s-vereisky-1917-1.jpg
Art_Nouveau_Modern,anna-ostroumova-lebedeva,venice-grand-canal-grey-day-1911,venice-grand-canal-grey-day-1911.jpg
Northern_Renaissance,jan-van-eyck,the-ghent-altarpiece-1432-1,the-ghent-altarpiece-1432-1.jpg
Naive_Art_Primitivism,marc-chagall,moses-and-his-brother-come-to-pharaoh-and-claim-the-freedom-for-the-people-of-israel-exodus-v-1,moses-and-his-brother-come-to-pharaoh-and-claim-the-freedom-for-the-people-of-israel-exodus-v-1.jpg
Impressionism,leon-dabo,on-the-hillside,on-the-hillside.jpg
High_Renaissance,titian,cupid-with-the-wheel-of-fortune,cupid-with-the-wheel-of-fortune.jpg
Impressionism,mary-cassatt,clissa-turned-left-with-her-hand-to-her-ear-1895,clissa-turned-left-with-her-hand-to-her-ear-1895.jpg
Northern_Renaissance,hugo-van-der-goes,the-adoration-of-the-kings-monforte-altar,the-adoration-of-the-kings-monforte-altar.jpg
Post_Impressionism,moise-kisling,not-identified-22,not-identified-22.jpg
Impressionism,antoine-blanchard,les-grands-boulevards,les-grands-boulevards.jpg
Rococo,joshua-reynolds,portrait-of-mrs-abington-british-actress-1773,portrait-of-mrs-abington-british-actress-1773.jpg
Post_Impressionism,paul-gauguin,grape-harvest-at-arles-1888,grape-harvest-at-arles-1888.jpg
Realism,ilya-repin,seamstress-1882,seamstress-1882.jpg
Baroque,anthony-van-dyck,portrait-of-susanna-fourment-and-her-daughter-1620,portrait-of-susanna-fourment-and-her-daughter-1620.jpg
Impressionism,pierre-auguste-renoir,seated-bather-1,seated-bather-1.jpg
Abstract_Expressionism,sam-francis,2-impressions-swatch-1992,2-impressions-swatch-1992.jpg
Realism,anders-zorn,hins-anders-1904,hins-anders-1904.jpg
Impressionism,claude-monet,landscape-with-thunderstorm,landscape-with-thunderstorm.jpg
Symbolism,pablo-picasso,evocation-the-burial-of-casagemas-1901,evocation-the-burial-of-casagemas-1901.jpg
Cubism,kazimir-malevich,praying-woman-1912,praying-woman-1912.jpg
Art_Nouveau_Modern,frantisek-kupka,boudoir-scene-1903,boudoir-scene-1903.jpg
Post_Impressionism,theo-van-doesburg,dunes-and-sea,dunes-and-sea.jpg
Realism,fyodor-vasilyev,cumulus-1871,cumulus-1871.jpg
Fauvism,mary-fedden,lunch-in-the-port-1964,lunch-in-the-port-1964.jpg
Baroque,adriaen-van-ostade,lawyer-in-his-study,lawyer-in-his-study.jpg
Romanticism,alexey-venetsianov,portrait-of-m-a-venetsianova,portrait-of-m-a-venetsianova.jpg
Action_painting,jackson-pollock,one-number-31-1950,one-number-31-1950.jpg
Expressionism,marevna-(marie-vorobieff),portrait-of-girl,portrait-of-girl.jpg
Realism,john-singer-sargent,helen-sears-1895,helen-sears-1895.jpg
Abstract_Expressionism,richard-pousette-dart,inbalance-of-time-1992,inbalance-of-time-1992.jpg
Early_Renaissance,luca-signorelli,crucifixion-of-st-sepulchre,crucifixion-of-st-sepulchre.jpg
Cubism,andrã©-lhote,l-entr-e-du-bassin-flot-bordeaux-1912,l-entr-e-du-bassin-flot-bordeaux-1912.jpg
Post_Impressionism,georges-seurat,the-stone-breakers-1883,the-stone-breakers-1883.jpg
Realism,vladimir-makovsky,summer-1896,summer-1896.jpg
Impressionism,camille-pissarro,poplars-afternoon-in-eragny-1899,poplars-afternoon-in-eragny-1899.jpg
Early_Renaissance,piero-della-francesca,triumph-of-battista-sforza,triumph-of-battista-sforza.jpg
Pop_Art,r.-b.-kitaj,the-ohio-gang,the-ohio-gang.jpg
Northern_Renaissance,albrecht-durer,the-holy-kinship-and-two-musical-angels,the-holy-kinship-and-two-musical-angels.jpg
Rococo,dmitry-levitzky,portrait-of-anna-davia-d-avia-bernucci-1782,portrait-of-anna-davia-d-avia-bernucci-1782.jpg
Impressionism,joaquã­n-sorolla,trafficking-in-human-beings-1894,trafficking-in-human-beings-1894.jpg
Romanticism,jan-matejko,augustus-ii-the-strong-1,augustus-ii-the-strong-1.jpg
Baroque,paul-bril,landscape-with-stag-hunt-1595,landscape-with-stag-hunt-1595.jpg
Impressionism,edouard-manet,flowers-in-a-crystal-vase,flowers-in-a-crystal-vase.jpg
Rococo,canaletto,the-bucintoro-venice-1747,the-bucintoro-venice-1747.jpg
Post_Impressionism,vincent-van-gogh,fortifications-of-paris-with-houses-1887(1),fortifications-of-paris-with-houses-1887(1).jpg
Romanticism,william-turner,archway-with-trees-by-the-sea,archway-with-trees-by-the-sea.jpg
Realism,winslow-homer,storm-bahamas,storm-bahamas.jpg
Color_Field_Painting,ellsworth-kelly,rectangle-from-the-series-line-form-color-1951,rectangle-from-the-series-line-form-color-1951.jpg
Post_Impressionism,irma-stern,the-initiate-1935,the-initiate-1935.jpg
Symbolism,james-tissot,jesus-goes-up-alone-onto-a-mountain-to-pray-1894,jesus-goes-up-alone-onto-a-mountain-to-pray-1894.jpg
Early_Renaissance,andrea-del-castagno,queen-esther,queen-esther.jpg
Realism,vasily-surikov,florence-1884,florence-1884.jpg
Romanticism,ivan-aivazovsky,the-bay-of-naples-by-moonlight-1842,the-bay-of-naples-by-moonlight-1842.jpg
Impressionism,eugene-boudin,rotterdam-le-pont-de-bourse-1876,rotterdam-le-pont-de-bourse-1876.jpg
Art_Nouveau_Modern,anna-ostroumova-lebedeva,petersburg-the-summer-garden-in-winter-1902,petersburg-the-summer-garden-in-winter-1902.jpg
Expressionism,ossip-zadkine,daphne,daphne.jpg
Symbolism,konstantin-somov,frontispiece-to-the-book-of-poems-v-ivanov-cor-ardens,frontispiece-to-the-book-of-poems-v-ivanov-cor-ardens.jpg
Realism,theodor-severin-kittelsen,asbjoern-sigurdssons-drap-paa-tore-sel-01,asbjoern-sigurdssons-drap-paa-tore-sel-01.jpg
Expressionism,ernst-ludwig-kirchner,artist-begging-for-applause,artist-begging-for-applause.jpg
Realism,vasily-surikov,naples-1884,naples-1884.jpg
Romanticism,george-stubbs,melbourne-and-milbanke-families,melbourne-and-milbanke-families.jpg
Realism,theodore-rousseau,view-of-the-belfry-of-orleans,view-of-the-belfry-of-orleans.jpg
Fauvism,janos-mattis-teutsch,a-landscape-of-brasov-1915,a-landscape-of-brasov-1915.jpg
High_Renaissance,michelangelo,studies-of-grotesques-1530,studies-of-grotesques-1530.jpg
Expressionism,corneliu-baba,fellow-citizens-1974,fellow-citizens-1974.jpg
Impressionism,julian-alden-weir,the-road-to-no-where-1889,the-road-to-no-where-1889.jpg
Realism,anders-zorn,ernest-cassel-1886,ernest-cassel-1886.jpg
Realism,ivan-kramskoy,portrait-of-princess-catherine-alekseevny-vasilchikova-1867,portrait-of-princess-catherine-alekseevny-vasilchikova-1867.jpg
Romanticism,louis-janmot,po-me-de-l-me-4-le-printemps,po-me-de-l-me-4-le-printemps.jpg
Romanticism,sir-lawrence-alma-tadema,roman-family,roman-family.jpg
Romanticism,gustave-dore,don-quixote-2,don-quixote-2.jpg
Pop_Art,andy-warhol,ingrid-bergman-as-herself-1,ingrid-bergman-as-herself-1.jpg
Romanticism,john-everett-millais,st-bartholemew-s-day,st-bartholemew-s-day.jpg
Realism,anders-zorn,coquelin-cadet-1889,coquelin-cadet-1889.jpg
Northern_Renaissance,hans-baldung,adoration-of-the-magi-1507,adoration-of-the-magi-1507.jpg
Realism,vincent-van-gogh,three-people-sharing-a-meal-1885,three-people-sharing-a-meal-1885.jpg
Rococo,jean-honore-fragonard,the-warrior,the-warrior.jpg
Realism,john-singer-sargent,a-window-in-the-vatican-1906,a-window-in-the-vatican-1906.jpg
Art_Nouveau_Modern,wilhelm-kotarbinski,daughter-of-cairo,daughter-of-cairo.jpg
Realism,ivan-shishkin,in-sestroretsk-1886,in-sestroretsk-1886.jpg
Impressionism,claude-monet,vetheuil-the-church-in-winter,vetheuil-the-church-in-winter.jpg
Contemporary_Realism,jamie-wyeth,obelisk-1976,obelisk-1976.jpg
Impressionism,paul-signac,the-look-at-montauban-in-rain,the-look-at-montauban-in-rain.jpg
Contemporary_Realism,jamie-wyeth,mischief-night-1986,mischief-night-1986.jpg
Abstract_Expressionism,hans-hofmann,equinox-1958,equinox-1958.jpg
Northern_Renaissance,albrecht-durer,the-holy-family-with-joachim-and-saint-ann,the-holy-family-with-joachim-and-saint-ann.jpg
Cubism,tarsila-do-amaral,a-gare,a-gare.jpg
Romanticism,jan-matejko,tadeusz-stryjeriski,tadeusz-stryjeriski.jpg
Impressionism,camille-pissarro,the-port-of-dieppe-the-dunquesne-and-berrigny-basins-high-tide-sunny-afternoon-1902,the-port-of-dieppe-the-dunquesne-and-berrigny-basins-high-tide-sunny-afternoon-1902.jpg
Expressionism,egon-schiele,the-green-stocking-1914,the-green-stocking-1914.jpg
Post_Impressionism,edouard-cortes,in-three-fourths-1,in-three-fourths-1.jpg
Baroque,rembrandt,portrait-of-a-young-man-1663,portrait-of-a-young-man-1663.jpg
Impressionism,ilya-mashkov,coast-of-the-crimea,coast-of-the-crimea.jpg
Northern_Renaissance,hans-memling,the-martyrdom-of-st-ursula-s-companions-and-the-martyrdom-of-st-ursula-from-the-shrine-of-st-1489,the-martyrdom-of-st-ursula-s-companions-and-the-martyrdom-of-st-ursula-from-the-shrine-of-st-1489.jpg
Impressionism,pierre-auguste-renoir,young-girl-in-the-garden-at-mezy-1891,young-girl-in-the-garden-at-mezy-1891.jpg
Post_Impressionism,ferdynand-ruszczyc,ostatnie-niegi-1899,ostatnie-niegi-1899.jpg
Baroque,jan-steen,marriage-contract,marriage-contract.jpg
Romanticism,gustave-dore,the-slothful,the-slothful.jpg
Art_Nouveau_Modern,alphonse-mucha,novem,novem.jpg
Minimalism,paolo-scheggi,trasposizione-grafica-1967,trasposizione-grafica-1967.jpg
Expressionism,martiros-saryan,landscape-with-mountains-surb-khach-rocks-gohtan-1914,landscape-with-mountains-surb-khach-rocks-gohtan-1914.jpg
Post_Impressionism,paul-cezanne,tall-trees-at-the-jas-de-bouffan-1887,tall-trees-at-the-jas-de-bouffan-1887.jpg
Rococo,fyodor-rokotov,portrait-of-count-i-g-orlov,portrait-of-count-i-g-orlov.jpg
Impressionism,victor-borisov-musatov,boy-in-the-garden-1898,boy-in-the-garden-1898.jpg
Art_Nouveau_Modern,edmund-dulac,where-i-made-one-the-rubaiyat-of-omar-khayyam,where-i-made-one-the-rubaiyat-of-omar-khayyam.jpg
Realism,salvador-dali,the-kings-sword,the-kings-sword.jpg
Impressionism,armand-guillaumin,le-r-servoir-poitiers-1910,le-r-servoir-poitiers-1910.jpg
Baroque,bartolome-esteban-murillo,virgin-and-child-1650,virgin-and-child-1650.jpg
Impressionism,pierre-auguste-renoir,portrait-of-the-countess-pourtales-1877,portrait-of-the-countess-pourtales-1877.jpg
Abstract_Expressionism,bradley-walker-tomlin,number-15-1953,number-15-1953.jpg
Baroque,rembrandt,a-beggar-warming-his-hands-over-a-chafing-dish-1630,a-beggar-warming-his-hands-over-a-chafing-dish-1630.jpg
Northern_Renaissance,hieronymus-bosch,the-garden-of-earthly-delights-1516-17,the-garden-of-earthly-delights-1516-17.jpg
Post_Impressionism,pierre-bonnard,landscape-sunset-1912,landscape-sunset-1912.jpg
Symbolism,nicholas-roerich,himalayas-varicoloured-snows-1937,himalayas-varicoloured-snows-1937.jpg
Impressionism,marie-bracquemond,the-artist-s-son-and-sister-in-the-garden-at-sevres-1890,the-artist-s-son-and-sister-in-the-garden-at-sevres-1890.jpg
Impressionism,claude-monet,rouen-cathedral-magic-in-blue,rouen-cathedral-magic-in-blue.jpg
Symbolism,harry-clarke,the-year-s-at-the-spring-1920-26,the-year-s-at-the-spring-1920-26.jpg
Baroque,sebastien-bourdon,burning-bush,burning-bush.jpg
Symbolism,nicholas-roerich,at-midnight-light-of-the-shambhala-1940,at-midnight-light-of-the-shambhala-1940.jpg
Rococo,jean-honore-fragonard,girl-with-a-marmot-1790,girl-with-a-marmot-1790.jpg
Post_Impressionism,irma-stern,still-life-with-anthuriums-and-fruit-1961,still-life-with-anthuriums-and-fruit-1961.jpg
Realism,vincent-van-gogh,woman-by-a-hearth-1885-1,woman-by-a-hearth-1885-1.jpg
Impressionism,lovis-corinth,the-walchensee-on-saint-john-s-eve-1920,the-walchensee-on-saint-john-s-eve-1920.jpg
Northern_Renaissance,albrecht-durer,venus-on-a-dolphin,venus-on-a-dolphin.jpg
Color_Field_Painting,edward-corbett,washington-d-c-december-1964-10-i-1964,washington-d-c-december-1964-10-i-1964.jpg
Post_Impressionism,anna-ostroumova-lebedeva,amsterdam-the-old-warehouses-1913,amsterdam-the-old-warehouses-1913.jpg
Baroque,peter-paul-rubens,the-council-of-the-gods-1624,the-council-of-the-gods-1624.jpg
Minimalism,paul-brach,the-negative-way-8-1864,the-negative-way-8-1864.jpg
Post_Impressionism,constantine-maleas,landscape-of-attica,landscape-of-attica.jpg
Baroque,rembrandt,the-little-polander-1631,the-little-polander-1631.jpg
Impressionism,marie-bracquemond,study-for-the-lady-in-white-drawing,study-for-the-lady-in-white-drawing.jpg
Romanticism,gustave-dore,the-rebuilding-of-the-temple-is-begun,the-rebuilding-of-the-temple-is-begun.jpg
Baroque,pieter-de-hooch,couple-with-parrot-1668,couple-with-parrot-1668.jpg
Pop_Art,george-segal,three-figures-and-four-benches-1979,three-figures-and-four-benches-1979.jpg
Expressionism,edvard-munch,kiss-1897,kiss-1897.jpg
Contemporary_Realism,jamie-wyeth,lighthouse-1993,lighthouse-1993.jpg
Impressionism,joaquã­n-sorolla,on-the-beach-at-valencia-1916,on-the-beach-at-valencia-1916.jpg
Post_Impressionism,vincent-van-gogh,plain-near-auvers-1890,plain-near-auvers-1890.jpg
Realism,konstantinos-volanakis,bay-with-boats,bay-with-boats.jpg
Northern_Renaissance,jan-van-eyck,portrait-of-baudouin-de-lannoy-1435,portrait-of-baudouin-de-lannoy-1435.jpg
Realism,john-everett-millais,john-ruskin,john-ruskin.jpg
Naive_Art_Primitivism,marc-chagall,a-green-tree-with-lovers-1980,a-green-tree-with-lovers-1980.jpg
Contemporary_Realism,fairfield-porter,penobscot-bay-with-yellow-field-1968,penobscot-bay-with-yellow-field-1968.jpg
Pop_Art,gianfranco-baruchello,cavali-docili-resi-noncuranti-1977,cavali-docili-resi-noncuranti-1977.jpg
Realism,vasily-perov,organ-grinder-in-paris-1864,organ-grinder-in-paris-1864.jpg
Impressionism,constantin-artachino,turk-1,turk-1.jpg
Rococo,maurice-quentin-de-la-tour,preparation-to-the-portrait-of-voltaire-1,preparation-to-the-portrait-of-voltaire-1.jpg
Romanticism,karl-bodmer,horse-racing-of-sioux-indians-near-fort-pierre-plate-30-from-volume-1-of-travels-in-the-1843,horse-racing-of-sioux-indians-near-fort-pierre-plate-30-from-volume-1-of-travels-in-the-1843.jpg
Romanticism,konstantin-makovsky,woman-with-rake,woman-with-rake.jpg
Pointillism,camille-pissarro,setting-sun-and-fog-eragny-1891,setting-sun-and-fog-eragny-1891.jpg
Post_Impressionism,vincent-van-gogh,portrait-of-armand-roulin-1888-1,portrait-of-armand-roulin-1888-1.jpg
Cubism,pablo-picasso,pedestal-glasses-cups-mandolin-1911,pedestal-glasses-cups-mandolin-1911.jpg
Post_Impressionism,gwen-john,girl-with-a-blue-scarf,girl-with-a-blue-scarf.jpg
Impressionism,berthe-morisot,the-reclining-shepherdess,the-reclining-shepherdess.jpg
Impressionism,gregoire-boonzaier,bo-kaap-1951,bo-kaap-1951.jpg
Art_Nouveau_Modern,sergey-solomko,on-the-way-to-victory,on-the-way-to-victory.jpg
Post_Impressionism,augustus-john,the-girl-on-the-cliff-1936,the-girl-on-the-cliff-1936.jpg
Impressionism,claude-monet,landscape-on-the-ile-saint-martin,landscape-on-the-ile-saint-martin.jpg
Art_Nouveau_Modern,boris-kustodiev,coachman-at-traktir-1920,coachman-at-traktir-1920.jpg
Baroque,aleksey-antropov,lord-god-safaof,lord-god-safaof.jpg
Post_Impressionism,vincent-van-gogh,olive-picking-1889-1,olive-picking-1889-1.jpg
Symbolism,konstantin-somov,young-woman-asleep,young-woman-asleep.jpg
Impressionism,childe-hassam,spring-aka-the-artist-s-sister,spring-aka-the-artist-s-sister.jpg
Expressionism,lynd-ward,not-detected-272514,not-detected-272514.jpg
Post_Impressionism,paul-cezanne,preparation-for-a-banquet-1890,preparation-for-a-banquet-1890.jpg
Realism,ilya-repin,portrait-of-secretary-of-state-general-and-member-of-state-council-mikhail-nikolayevich-galkin-1903,portrait-of-secretary-of-state-general-and-member-of-state-council-mikhail-nikolayevich-galkin-1903.jpg
Impressionism,mary-cassatt,little-girl-with-cap-sun,little-girl-with-cap-sun.jpg
Post_Impressionism,karl-schrag,road-into-the-sanctuary-sanibel,road-into-the-sanctuary-sanibel.jpg
Impressionism,joaquã­n-sorolla,chumberas-study,chumberas-study.jpg
Impressionism,childe-hassam,the-lion-gardiner-house-east-hampton,the-lion-gardiner-house-east-hampton.jpg
Expressionism,m.c.-escher,mumified-priests-in-gangi,mumified-priests-in-gangi.jpg
Impressionism,henri-edmond-cross,peasant-woman-stretched-out-on-the-grass,peasant-woman-stretched-out-on-the-grass.jpg
Abstract_Expressionism,hassel-smith,the-houston-scene-1959,the-houston-scene-1959.jpg
Realism,john-singer-sargent,mrs-gardner-in-white-1922,mrs-gardner-in-white-1922.jpg
Impressionism,pierre-auguste-renoir,mediteranean-landscape,mediteranean-landscape.jpg
Romanticism,gustave-dore,a-famine-in-samaria,a-famine-in-samaria.jpg
Art_Nouveau_Modern,koloman-moser,figure-study-of-tristan-1,figure-study-of-tristan-1.jpg
Impressionism,arkhip-kuindzhi,moonlight-in-a-forest-winter,moonlight-in-a-forest-winter.jpg
Baroque,frans-hals,shrovetide-revellers-the-merry-company,shrovetide-revellers-the-merry-company.jpg
Impressionism,lucia-demetriade-balacescu,promenad-prin-ia-i,promenad-prin-ia-i.jpg
Impressionism,pierre-auguste-renoir,jeanne-durand-ruel-1876,jeanne-durand-ruel-1876.jpg
Rococo,louise-elisabeth-vigee-le-brun,self-portrait-with-her-daughter-julie-1786,self-portrait-with-her-daughter-julie-1786.jpg
Baroque,frans-hals,fisher-girl-1632,fisher-girl-1632.jpg
Impressionism,ilya-mashkov,bakhchisaray-1925,bakhchisaray-1925.jpg
Expressionism,henri-matisse,purple-robe-and-anemones-1937,purple-robe-and-anemones-1937.jpg
Symbolism,mstislav-dobuzhinsky,a-doll-1905,a-doll-1905.jpg
Cubism,pyotr-konchalovsky,vessels-on-the-red-tablecloth-1916,vessels-on-the-red-tablecloth-1916.jpg
Color_Field_Painting,ellsworth-kelly,white-and-black-1951,white-and-black-1951.jpg
Naive_Art_Primitivism,kateryna-bilokur,self-portrait-1955,self-portrait-1955.jpg
Cubism,fernand-leger,machine-elements-1920,machine-elements-1920.jpg
Color_Field_Painting,helen-frankenthaler,cameo-1980,cameo-1980.jpg
Baroque,adriaen-van-de-velde,a-classical-landscape-1671,a-classical-landscape-1671.jpg
Expressionism,balthus,nude-with-a-silk-scarf,nude-with-a-silk-scarf.jpg
Impressionism,edgar-degas,dancers-resting-1879,dancers-resting-1879.jpg
Abstract_Expressionism,morris-graves,machine-age-noise-1957,machine-age-noise-1957.jpg
Realism,vincent-van-gogh,farmhouses-in-loosduinen-near-the-hague-at-twilight-1883(1),farmhouses-in-loosduinen-near-the-hague-at-twilight-1883(1).jpg
Expressionism,david-bomberg,the-artist-s-wife-and-baby-1937,the-artist-s-wife-and-baby-1937.jpg
Post_Impressionism,vincent-van-gogh,path-between-pine-trees-1889,path-between-pine-trees-1889.jpg
Realism,volodymyr-orlovsky,shallow,shallow.jpg
Post_Impressionism,vincent-van-gogh,a-steamer-with-several-people-1890(1),a-steamer-with-several-people-1890(1).jpg
Naive_Art_Primitivism,henri-rousseau,the-muse-inspiring-the-poet-1909,the-muse-inspiring-the-poet-1909.jpg
Expressionism,adolf-fleischmann,harbour-1928,harbour-1928.jpg
Impressionism,claude-monet,the-banks-of-the-seine-lavacourt-02,the-banks-of-the-seine-lavacourt-02.jpg
Romanticism,orest-kiprensky,portrait-of-young-man,portrait-of-young-man.jpg
Impressionism,claude-monet,view-over-vetheuil-1,view-over-vetheuil-1.jpg
Symbolism,nicholas-roerich,sword-of-king-gesar,sword-of-king-gesar.jpg
Symbolism,konstantin-somov,poets,poets.jpg
Realism,vincent-van-gogh,peasant-woman-sowing-with-a-basket-1881,peasant-woman-sowing-with-a-basket-1881.jpg
Realism,theodore-rousseau,rocky-valley,rocky-valley.jpg
Art_Nouveau_Modern,jan-toorop,arnhem-life-insurance-company,arnhem-life-insurance-company.jpg
Art_Nouveau_Modern,raphael-kirchner,love-thoughts-1900-2,love-thoughts-1900-2.jpg
Realism,james-tissot,statesmen-no-380-caricature-of-archibald-campbell-tait-archbishop-of-canterbury,statesmen-no-380-caricature-of-archibald-campbell-tait-archbishop-of-canterbury.jpg
Symbolism,odilon-redon,landscape-with-eve,landscape-with-eve.jpg
Realism,claude-monet,the-garden-of-the-princess-1867,the-garden-of-the-princess-1867.jpg
Impressionism,claude-monet,the-pool-seen-from-the-bridge-argenteuil,the-pool-seen-from-the-bridge-argenteuil.jpg
Art_Nouveau_Modern,konstantin-korovin,tsar-dadon-military-1909,tsar-dadon-military-1909.jpg
Color_Field_Painting,mark-rothko,no-6-yellow-white-blue-over-yellow-on-gray-1954,no-6-yellow-white-blue-over-yellow-on-gray-1954.jpg
Baroque,diego-velazquez,the-gardens-of-the-villa-medici-in-rome-1630,the-gardens-of-the-villa-medici-in-rome-1630.jpg
Cubism,amadeo-de-souza-cardoso,the-rise-of-green-square-and-the-woman-s-violin-1916,the-rise-of-green-square-and-the-woman-s-violin-1916.jpg
Abstract_Expressionism,joan-miro,the-lark-s-wing-encircled-with-golden-blue-rejoins-the-heart-of-the-poppy-sleeping-on-a-diamond,the-lark-s-wing-encircled-with-golden-blue-rejoins-the-heart-of-the-poppy-sleeping-on-a-diamond.jpg
Symbolism,nicholas-roerich,royal-monastery-1932,royal-monastery-1932.jpg
Art_Nouveau_Modern,raphael-kirchner,jewellery-1903,jewellery-1903.jpg
Symbolism,konstantin-somov,natalia-pavlovna-and-earl-nulin,natalia-pavlovna-and-earl-nulin.jpg
Naive_Art_Primitivism,fernando-botero,notre-dame-de-new-york,notre-dame-de-new-york.jpg
Rococo,maurice-quentin-de-la-tour,face-of-the-man,face-of-the-man.jpg
Early_Renaissance,pisanello,study-of-a-head-1436,study-of-a-head-1436.jpg
Post_Impressionism,pyotr-konchalovsky,pine-tree-1920,pine-tree-1920.jpg
Impressionism,eugene-boudin,seascape-fishing-boats,seascape-fishing-boats.jpg
Realism,vladimir-makovsky,guitar-player-1879,guitar-player-1879.jpg
Impressionism,antoine-blanchard,boulevard-de-la-madeleine-9,boulevard-de-la-madeleine-9.jpg
Post_Impressionism,maxime-maufra,a-fruitdish,a-fruitdish.jpg
Northern_Renaissance,albrecht-durer,tilo-on-the-cantilever-of-a-bastion,tilo-on-the-cantilever-of-a-bastion.jpg
Symbolism,kuzma-petrov-vodkin,after-the-battle-1923,after-the-battle-1923.jpg
Art_Nouveau_Modern,jacek-malczewski,vision,vision.jpg
Art_Nouveau_Modern,sergey-solomko,mermaid-and-faun,mermaid-and-faun.jpg
Art_Nouveau_Modern,alexandre-benois,blackamoor-s-chamber-fragment-set-design-1(1),blackamoor-s-chamber-fragment-set-design-1(1).jpg
Romanticism,john-william-waterhouse,listen-to-my-sweet-pipings-1911,listen-to-my-sweet-pipings-1911.jpg
Impressionism,eugene-boudin,berck-the-beach-at-low-tide-1882,berck-the-beach-at-low-tide-1882.jpg
Contemporary_Realism,john-miller,godrevy-lighthouse,godrevy-lighthouse.jpg
Symbolism,kuzma-petrov-vodkin,sketch-makeup-fool-to-the-tragedy-of-alexander-pushkin-boris-godunov-1923,sketch-makeup-fool-to-the-tragedy-of-alexander-pushkin-boris-godunov-1923.jpg
Mannerism_Late_Renaissance,agnolo-bronzino,deposition-from-the-cross-1565,deposition-from-the-cross-1565.jpg
Mannerism_Late_Renaissance,tintoretto,danae-1578,danae-1578.jpg
Impressionism,eugene-boudin,empress-eugenie-on-the-beach-at-trouville-1863,empress-eugenie-on-the-beach-at-trouville-1863.jpg
Realism,valentin-serov,portrait-of-konstantin-stanislavski-1908,portrait-of-konstantin-stanislavski-1908.jpg
Impressionism,alfred-sisley,molesey-weir-at-hampton-court-morning-1874,molesey-weir-at-hampton-court-morning-1874.jpg
Art_Nouveau_Modern,edmund-dulac,the-gentleman-in-waiting-the-nightingale,the-gentleman-in-waiting-the-nightingale.jpg
Impressionism,childe-hassam,san-pietro-venice,san-pietro-venice.jpg
Impressionism,guy-rose,monterey-forest-1919,monterey-forest-1919.jpg
Color_Field_Painting,larry-zox,fowey-light-1974,fowey-light-1974.jpg
Expressionism,bui-xuan-phai,portrait(1),portrait(1).jpg
Baroque,diego-velazquez,queen-mariana-1656,queen-mariana-1656.jpg
Romanticism,gustave-dore,the-inferno-canto-6,the-inferno-canto-6.jpg
Mannerism_Late_Renaissance,giorgio-vasari,assumption-of-the-virgin-detail,assumption-of-the-virgin-detail.jpg
